Model,Feature Group,Batch Size,Patience,Epochs,Learning Rate,Monitor Metric,Test Accuracy
CNN-3,CNN_MFCC_with_Deltas,64.0,10.0,100.0,0.0005,val_accuracy,0.6805555555555556
CNN-3,CNN_CQT_Spectrogram,64.0,3.0,100.0,0.0005,val_accuracy,0.6736111111111112
CNN-3,CNN_MFCC_with_Deltas,64.0,10.0,50.0,0.0005,val_accuracy,0.6736111111111112
CNN-1,CNN_CQT_Spectrogram,128.0,10.0,50.0,0.0001,val_accuracy,0.6736111111111112
CNN-3,CNN_CQT_Spectrogram,128.0,10.0,100.0,0.0005,val_accuracy,0.6736111111111112
CNN-1,CNN_CQT_Spectrogram,128.0,3.0,50.0,0.001,val_accuracy,0.6736111111111112
CNN-4,CNN_CQT_Spectrogram,64.0,5.0,50.0,0.0005,val_accuracy,0.6666666666666666
CNN-4,CNN_CQT_Spectrogram,128.0,5.0,100.0,0.0005,val_accuracy,0.6666666666666666
CNN-4,CNN_MFCC_with_Deltas,64.0,10.0,50.0,0.001,val_accuracy,0.6666666666666666
CNN-0,CNN_CQT_Spectrogram,64.0,5.0,50.0,0.0005,val_accuracy,0.6666666666666666
CNN-4,CNN_MFCC_with_Deltas,64.0,5.0,100.0,0.0005,val_accuracy,0.6666666666666666
CNN-0,CNN_MFCC_with_Deltas,128.0,5.0,50.0,0.0005,val_accuracy,0.6666666666666666
CNN-4,CNN_MFCC_with_Deltas,64.0,5.0,50.0,0.001,val_accuracy,0.6597222222222222
CNN-0,CNN_MFCC_with_Deltas,64.0,10.0,100.0,0.0005,val_accuracy,0.6597222222222222
CNN-4,CNN_CQT_Spectrogram,64.0,3.0,50.0,0.001,val_accuracy,0.6597222222222222
CNN-1,CNN_MFCC_with_Deltas,128.0,5.0,50.0,0.0001,val_accuracy,0.6597222222222222
CNN-4,CNN_MFCC_with_Deltas,128.0,3.0,100.0,0.0005,val_accuracy,0.6597222222222222
CNN-4,CNN_MFCC_with_Deltas,128.0,5.0,100.0,0.0005,val_accuracy,0.6597222222222222
CNN-4,CNN_MFCC_with_Deltas,64.0,10.0,100.0,0.001,val_accuracy,0.6597222222222222
CNN-4,CNN_CQT_Spectrogram,128.0,10.0,100.0,0.0005,val_accuracy,0.6597222222222222
CNN-1,CNN_CQT_Spectrogram,128.0,3.0,100.0,0.0005,val_accuracy,0.6527777777777778
CNN-1,CNN_MFCC_with_Deltas,128.0,3.0,100.0,0.0005,val_accuracy,0.6527777777777778
CNN-1,CNN_CQT_Spectrogram,128.0,5.0,100.0,0.0005,val_accuracy,0.6527777777777778
CNN-4,CNN_CQT_Spectrogram,64.0,5.0,100.0,0.001,val_accuracy,0.6527777777777778
CNN-3,CNN_MFCC_with_Deltas,64.0,3.0,100.0,0.001,val_accuracy,0.6527777777777778
CNN-4,CNN_CQT_Spectrogram,128.0,10.0,50.0,0.001,val_accuracy,0.6527777777777778
CNN-0,CNN_MFCC_with_Deltas,64.0,10.0,50.0,0.001,val_accuracy,0.6527777777777778
CNN-1,CNN_MFCC_with_Deltas,128.0,3.0,50.0,0.001,val_accuracy,0.6458333333333334
CNN-0,CNN_CQT_Spectrogram,128.0,10.0,100.0,0.001,val_accuracy,0.6458333333333334
CNN-1,CNN_MFCC_with_Deltas,128.0,10.0,100.0,0.0005,val_accuracy,0.6458333333333334
CNN-0,CNN_CQT_Spectrogram,64.0,10.0,50.0,0.0005,val_accuracy,0.6458333333333334
CNN-4,CNN_CQT_Spectrogram,64.0,10.0,100.0,0.001,val_accuracy,0.6458333333333334
CNN-1,CNN_MFCC_with_Deltas,128.0,3.0,100.0,0.0001,val_accuracy,0.6458333333333334
CNN-1,CNN_MFCC_with_Deltas,128.0,3.0,50.0,0.0001,val_accuracy,0.6458333333333334
CNN-3,CNN_MFCC_with_Deltas,64.0,10.0,100.0,0.001,val_accuracy,0.6458333333333334
CNN-3,CNN_MFCC_with_Deltas,64.0,5.0,100.0,0.001,val_accuracy,0.6458333333333334
CNN-0,CNN_MFCC_with_Deltas,128.0,10.0,100.0,0.001,val_accuracy,0.6458333333333334
CNN-0,CNN_MFCC_with_Deltas,64.0,10.0,50.0,0.0005,val_accuracy,0.6458333333333334
CNN-3,CNN_MFCC_with_Deltas,128.0,5.0,50.0,0.0005,val_accuracy,0.6458333333333334
CNN-3,CNN_MFCC_with_Deltas,64.0,3.0,100.0,0.0005,val_accuracy,0.6388888888888888
CNN-4,CNN_MFCC_with_Deltas,64.0,10.0,100.0,0.0005,val_accuracy,0.6388888888888888
CNN-1,CNN_MFCC_with_Deltas,128.0,10.0,50.0,0.0005,val_accuracy,0.6388888888888888
CNN-0,CNN_CQT_Spectrogram,64.0,10.0,50.0,0.001,val_accuracy,0.6388888888888888
CNN-0,CNN_MFCC_with_Deltas,64.0,5.0,50.0,0.0005,val_accuracy,0.6388888888888888
CNN-1,CNN_MFCC_with_Deltas,128.0,5.0,100.0,0.001,val_accuracy,0.6388888888888888
CNN-1,CNN_MFCC_with_Deltas,128.0,5.0,100.0,0.0005,val_accuracy,0.6388888888888888
CNN-4,CNN_MFCC_with_Deltas,128.0,10.0,100.0,0.001,val_accuracy,0.6388888888888888
CNN-4,CNN_CQT_Spectrogram,128.0,10.0,100.0,0.001,val_accuracy,0.6388888888888888
CNN-3,CNN_CQT_Spectrogram,64.0,5.0,50.0,0.001,val_accuracy,0.6388888888888888
CNN-0,CNN_MFCC_with_Deltas,128.0,10.0,50.0,0.0005,val_accuracy,0.6388888888888888
CNN-1,CNN_MFCC_with_Deltas,128.0,10.0,50.0,0.001,val_accuracy,0.6319444444444444
CNN-0,CNN_MFCC_with_Deltas,128.0,5.0,100.0,0.0005,val_accuracy,0.6319444444444444
CNN-1,CNN_MFCC_with_Deltas,128.0,10.0,100.0,0.0001,val_accuracy,0.6319444444444444
CNN-0,CNN_CQT_Spectrogram,128.0,5.0,100.0,0.0005,val_accuracy,0.6319444444444444
CNN-1,CNN_CQT_Spectrogram,128.0,5.0,50.0,0.0005,val_accuracy,0.6319444444444444
CNN-0,CNN_MFCC_with_Deltas,64.0,5.0,100.0,0.001,val_accuracy,0.6319444444444444
CNN-0,CNN_MFCC_with_Deltas,64.0,10.0,100.0,0.0001,val_accuracy,0.6319444444444444
CNN-0,CNN_CQT_Spectrogram,128.0,10.0,100.0,0.0005,val_accuracy,0.6319444444444444
CNN-4,CNN_CQT_Spectrogram,64.0,5.0,50.0,0.001,val_accuracy,0.6319444444444444
CNN-4,CNN_MFCC_with_Deltas,64.0,5.0,50.0,0.0005,val_accuracy,0.6319444444444444
CNN-1,CNN_CQT_Spectrogram,128.0,10.0,50.0,0.001,val_accuracy,0.6319444444444444
CNN-0,CNN_MFCC_with_Deltas,128.0,10.0,100.0,0.0005,val_accuracy,0.625
CNN-4,CNN_MFCC_with_Deltas,64.0,10.0,50.0,0.0001,val_accuracy,0.625
CNN-0,CNN_MFCC_with_Deltas,128.0,3.0,100.0,0.001,val_accuracy,0.625
CNN-3,CNN_MFCC_with_Deltas,128.0,10.0,50.0,0.0005,val_accuracy,0.625
CNN-1,CNN_MFCC_with_Deltas,128.0,5.0,50.0,0.0005,val_accuracy,0.625
CNN-1,CNN_MFCC_with_Deltas,128.0,10.0,100.0,0.001,val_accuracy,0.625
CNN-1,CNN_CQT_Spectrogram,128.0,10.0,50.0,0.0005,val_accuracy,0.625
CNN-1,CNN_CQT_Spectrogram,128.0,5.0,100.0,0.001,val_accuracy,0.625
CNN-0,CNN_CQT_Spectrogram,128.0,10.0,50.0,0.0005,val_accuracy,0.625
CNN-1,CNN_MFCC_with_Deltas,128.0,3.0,50.0,0.0005,val_accuracy,0.625
CNN-1,CNN_MFCC_with_Deltas,128.0,3.0,100.0,0.001,val_accuracy,0.625
CNN-3,CNN_Mel_Spectrogram,128.0,5.0,50.0,0.001,val_accuracy,0.625
CNN-1,CNN_CQT_Spectrogram,128.0,10.0,100.0,0.001,val_accuracy,0.625
CNN-3,CNN_CQT_Spectrogram,64.0,5.0,100.0,0.001,val_accuracy,0.625
CNN-3,CNN_CQT_Spectrogram,64.0,5.0,100.0,0.0001,val_accuracy,0.6180555555555556
CNN-0,CNN_MFCC_with_Deltas,128.0,10.0,50.0,0.001,val_accuracy,0.6180555555555556
CNN-3,CNN_MFCC_with_Deltas,128.0,5.0,100.0,0.001,val_accuracy,0.6180555555555556
CNN-4,CNN_MFCC_with_Deltas,64.0,10.0,50.0,0.0005,val_accuracy,0.6180555555555556
CNN-3,CNN_MFCC_with_Deltas,64.0,5.0,50.0,0.0005,val_accuracy,0.6180555555555556
CNN-1,CNN_CQT_Spectrogram,128.0,10.0,100.0,0.0001,val_accuracy,0.6180555555555556
CNN-1,CNN_CQT_Spectrogram,128.0,10.0,100.0,0.0005,val_accuracy,0.6180555555555556
CNN-4,CNN_CQT_Spectrogram,128.0,10.0,50.0,0.0005,val_accuracy,0.6180555555555556
CNN-0,CNN_MFCC_with_Deltas,128.0,5.0,50.0,0.001,val_accuracy,0.6180555555555556
CNN-1,CNN_CQT_Spectrogram,128.0,5.0,50.0,0.0001,val_accuracy,0.6180555555555556
CNN-4,CNN_MFCC_with_Deltas,128.0,10.0,100.0,0.0005,val_accuracy,0.6180555555555556
CNN-1,CNN_CQT_Spectrogram,128.0,5.0,50.0,0.001,val_accuracy,0.6180555555555556
CNN-3,CNN_CQT_Spectrogram,64.0,10.0,100.0,0.0005,val_accuracy,0.6111111111111112
CNN-1,CNN_CQT_Spectrogram,128.0,5.0,100.0,0.0001,val_accuracy,0.6111111111111112
CNN-4,CNN_MFCC_with_Deltas,64.0,5.0,100.0,0.001,val_accuracy,0.6111111111111112
CNN-0,CNN_MFCC_with_Deltas,64.0,10.0,50.0,0.0001,val_accuracy,0.6111111111111112
CNN-0,CNN_MFCC_with_Deltas,64.0,5.0,100.0,0.0001,val_accuracy,0.6111111111111112
CNN-3,CNN_CQT_Spectrogram,64.0,10.0,50.0,0.0005,val_accuracy,0.6111111111111112
CNN-1,CNN_Mel_Spectrogram,128.0,3.0,100.0,0.001,val_accuracy,0.6111111111111112
CNN-1,CNN_MFCC_with_Deltas,128.0,10.0,50.0,0.0001,val_accuracy,0.6111111111111112
CNN-4,CNN_CQT_Spectrogram,128.0,10.0,50.0,0.0001,val_accuracy,0.6111111111111112
CNN-0,CNN_MFCC_with_Deltas,64.0,10.0,100.0,0.001,val_accuracy,0.6041666666666666
CNN-1,CNN_Mel_Spectrogram,128.0,3.0,50.0,0.0005,val_accuracy,0.6041666666666666
CNN-4,CNN_MFCC_with_Deltas,128.0,3.0,50.0,0.0005,val_accuracy,0.6041666666666666
CNN-4,CNN_CQT_Spectrogram,64.0,3.0,50.0,0.0005,val_accuracy,0.6041666666666666
CNN-4,CNN_CQT_Spectrogram,64.0,10.0,100.0,0.0005,val_accuracy,0.6041666666666666
CNN-0,CNN_MFCC_with_Deltas,128.0,10.0,50.0,0.0001,val_accuracy,0.6041666666666666
CNN-1,CNN_MFCC_with_Deltas,128.0,5.0,100.0,0.0001,val_accuracy,0.6041666666666666
CNN-4,CNN_MFCC_with_Deltas,128.0,10.0,50.0,0.001,val_accuracy,0.6041666666666666
CNN-0,CNN_Mel_Spectrogram,128.0,3.0,100.0,0.001,val_accuracy,0.6041666666666666
CNN-3,CNN_CQT_Spectrogram,64.0,5.0,100.0,0.0005,val_accuracy,0.6041666666666666
CNN-3,CNN_MFCC_with_Deltas,64.0,3.0,50.0,0.001,val_accuracy,0.6041666666666666
CNN-0,CNN_CQT_Spectrogram,128.0,5.0,50.0,0.0005,val_accuracy,0.6041666666666666
CNN-3,CNN_CQT_Spectrogram,128.0,10.0,100.0,0.001,val_accuracy,0.6041666666666666
CNN-4,CNN_CQT_Spectrogram,64.0,10.0,50.0,0.001,val_accuracy,0.6041666666666666
CNN-1,CNN_Mel_Spectrogram,128.0,3.0,100.0,0.0005,val_accuracy,0.6041666666666666
CNN-0,CNN_CQT_Spectrogram,64.0,10.0,100.0,0.0005,val_accuracy,0.6041666666666666
CNN-0,CNN_CQT_Spectrogram,64.0,10.0,100.0,0.0001,val_accuracy,0.6041666666666666
CNN-3,CNN_MFCC_with_Deltas,128.0,10.0,100.0,0.001,val_accuracy,0.6041666666666666
CNN-3,CNN_MFCC_with_Deltas,64.0,5.0,50.0,0.001,val_accuracy,0.6041666666666666
CNN-4,CNN_CQT_Spectrogram,64.0,5.0,100.0,0.0005,val_accuracy,0.6041666666666666
CNN-4,CNN_CQT_Spectrogram,64.0,10.0,50.0,0.0005,val_accuracy,0.6041666666666666
CNN-0,CNN_Mel_Spectrogram,128.0,10.0,100.0,0.001,val_accuracy,0.5972222222222222
CNN-1,CNN_Mel_Spectrogram,128.0,5.0,50.0,0.0001,val_accuracy,0.5972222222222222
CNN-1,CNN_MFCC_with_Deltas,128.0,5.0,50.0,0.001,val_accuracy,0.5972222222222222
CNN-1,CNN_CQT_Spectrogram,128.0,3.0,100.0,0.001,val_accuracy,0.5972222222222222
CNN-4,CNN_Mel_Spectrogram,128.0,5.0,100.0,0.001,val_accuracy,0.5972222222222222
CNN-0,CNN_MFCC_with_Deltas,64.0,3.0,100.0,0.0005,val_accuracy,0.5972222222222222
CNN-4,CNN_MFCC_with_Deltas,64.0,3.0,100.0,0.001,val_accuracy,0.5972222222222222
CNN-3,CNN_MFCC_with_Deltas,128.0,10.0,100.0,0.0005,val_accuracy,0.5972222222222222
CNN-4,CNN_MFCC_with_Deltas,128.0,5.0,50.0,0.001,val_accuracy,0.5972222222222222
CNN-0,CNN_Mel_Spectrogram,64.0,10.0,100.0,0.0005,val_accuracy,0.5972222222222222
CNN-4,CNN_Mel_Spectrogram,64.0,10.0,100.0,0.0005,val_accuracy,0.5972222222222222
CNN-4,CNN_MFCC_with_Deltas,128.0,3.0,50.0,0.001,val_accuracy,0.5972222222222222
CNN-3,CNN_CQT_Spectrogram,64.0,5.0,50.0,0.0005,val_accuracy,0.5972222222222222
CNN-3,CNN_MFCC_with_Deltas,64.0,3.0,50.0,0.0005,val_accuracy,0.5972222222222222
CNN-4,CNN_MFCC_with_Deltas,64.0,5.0,100.0,0.0001,val_accuracy,0.5972222222222222
CNN-0,CNN_CQT_Spectrogram,128.0,3.0,50.0,0.001,val_accuracy,0.5902777777777778
CNN-3,CNN_CQT_Spectrogram,64.0,5.0,50.0,0.0001,val_accuracy,0.5902777777777778
CNN-4,CNN_CQT_Spectrogram,64.0,3.0,100.0,0.0005,val_accuracy,0.5902777777777778
CNN-3,CNN_MFCC_with_Deltas,128.0,5.0,100.0,0.0005,val_accuracy,0.5902777777777778
CNN-1,CNN_Mel_Spectrogram,128.0,5.0,50.0,0.001,val_accuracy,0.5902777777777778
CNN-4,CNN_CQT_Spectrogram,128.0,5.0,50.0,0.0005,val_accuracy,0.5902777777777778
CNN-3,CNN_CQT_Spectrogram,128.0,10.0,100.0,0.0001,val_accuracy,0.5902777777777778
CNN-4,CNN_MFCC_with_Deltas,64.0,3.0,50.0,0.001,val_accuracy,0.5902777777777778
CNN-4,CNN_Mel_Spectrogram,64.0,5.0,100.0,0.0005,val_accuracy,0.5902777777777778
CNN-0,CNN_CQT_Spectrogram,64.0,3.0,100.0,0.0001,val_accuracy,0.5902777777777778
CNN-4,CNN_MFCC_with_Deltas,128.0,5.0,50.0,0.0005,val_accuracy,0.5902777777777778
CNN-0,CNN_Mel_Spectrogram,64.0,10.0,50.0,0.0001,val_accuracy,0.5902777777777778
CNN-3,CNN_MFCC_with_Deltas,64.0,10.0,50.0,0.001,val_accuracy,0.5902777777777778
CNN-1,CNN_Mel_Spectrogram,128.0,3.0,100.0,0.0001,val_accuracy,0.5902777777777778
CNN-3,CNN_CQT_Spectrogram,128.0,10.0,50.0,0.0001,val_accuracy,0.5902777777777778
CNN-4,CNN_CQT_Spectrogram,64.0,10.0,50.0,0.0001,val_accuracy,0.5902777777777778
CNN-1,CNN_CQT_Spectrogram,128.0,3.0,100.0,0.0001,val_accuracy,0.5902777777777778
CNN-1,CNN_CQT_Spectrogram,128.0,3.0,50.0,0.0005,val_accuracy,0.5902777777777778
CNN-0,CNN_CQT_Spectrogram,64.0,3.0,50.0,0.0005,val_accuracy,0.5902777777777778
CNN-3,CNN_CQT_Spectrogram,64.0,10.0,50.0,0.0001,val_accuracy,0.5833333333333334
CNN-0,CNN_MFCC_with_Deltas,128.0,3.0,100.0,0.0005,val_accuracy,0.5833333333333334
CNN-4,CNN_MFCC_with_Deltas,64.0,3.0,100.0,0.0005,val_accuracy,0.5833333333333334
CNN-0,CNN_CQT_Spectrogram,64.0,5.0,100.0,0.0005,val_accuracy,0.5833333333333334
CNN-0,CNN_Mel_Spectrogram,128.0,5.0,50.0,0.0005,val_accuracy,0.5833333333333334
CNN-4,CNN_MFCC_with_Deltas,128.0,10.0,100.0,0.0001,val_accuracy,0.5833333333333334
CNN-3,CNN_Mel_Spectrogram,128.0,5.0,100.0,0.0001,val_accuracy,0.5833333333333334
CNN-3,CNN_CQT_Spectrogram,128.0,5.0,100.0,0.0001,val_accuracy,0.5833333333333334
CNN-3,CNN_CQT_Spectrogram,128.0,5.0,100.0,0.0005,val_accuracy,0.5833333333333334
CNN-0,CNN_CQT_Spectrogram,64.0,10.0,100.0,0.001,val_accuracy,0.5833333333333334
CNN-0,CNN_Mel_Spectrogram,64.0,10.0,50.0,0.0005,val_accuracy,0.5833333333333334
CNN-1,CNN_Mel_Spectrogram,128.0,5.0,100.0,0.001,val_accuracy,0.5833333333333334
CNN-0,CNN_MFCC_with_Deltas,128.0,3.0,50.0,0.0005,val_accuracy,0.5833333333333334
CNN-3,CNN_MFCC_with_Deltas,128.0,3.0,50.0,0.001,val_accuracy,0.5833333333333334
CNN-3,CNN_Mel_Spectrogram,64.0,3.0,100.0,0.0001,val_accuracy,0.5833333333333334
CNN-3,CNN_Mel_Spectrogram,128.0,10.0,100.0,0.0005,val_accuracy,0.5833333333333334
CNN-4,CNN_CQT_Spectrogram,128.0,10.0,100.0,0.0001,val_accuracy,0.5833333333333334
CNN-4,CNN_MFCC_with_Deltas,64.0,10.0,100.0,0.0001,val_accuracy,0.5833333333333334
CNN-0,CNN_MFCC_with_Deltas,64.0,5.0,100.0,0.0005,val_accuracy,0.5833333333333334
CNN-1,CNN_Mel_Spectrogram,128.0,5.0,100.0,0.0001,val_accuracy,0.5833333333333334
CNN-0,CNN_MFCC_with_Deltas,128.0,3.0,50.0,0.001,val_accuracy,0.5833333333333334
CNN-4,CNN_CQT_Spectrogram,128.0,5.0,100.0,0.0001,val_accuracy,0.5833333333333334
CNN-3,CNN_MFCC_with_Deltas,128.0,5.0,50.0,0.001,val_accuracy,0.5763888888888888
CNN-0,CNN_MFCC_with_Deltas,128.0,5.0,100.0,0.001,val_accuracy,0.5763888888888888
CNN-4,CNN_CQT_Spectrogram,128.0,5.0,50.0,0.001,val_accuracy,0.5763888888888888
CNN-0,CNN_CQT_Spectrogram,128.0,10.0,50.0,0.001,val_accuracy,0.5763888888888888
CNN-3,CNN_MFCC_with_Deltas,64.0,5.0,50.0,0.0001,val_accuracy,0.5763888888888888
CNN-4,CNN_CQT_Spectrogram,128.0,3.0,50.0,0.001,val_accuracy,0.5763888888888888
CNN-4,CNN_CQT_Spectrogram,128.0,3.0,100.0,0.0005,val_accuracy,0.5763888888888888
CNN-3,CNN_CQT_Spectrogram,128.0,3.0,100.0,0.0005,val_accuracy,0.5763888888888888
CNN-1,CNN_CQT_Spectrogram,128.0,3.0,50.0,0.0001,val_accuracy,0.5763888888888888
CNN-1,CNN_Mel_Spectrogram,128.0,3.0,50.0,0.001,val_accuracy,0.5763888888888888
CNN-1,CNN_Mel_Spectrogram,128.0,5.0,50.0,0.0005,val_accuracy,0.5763888888888888
CNN-3,CNN_CQT_Spectrogram,64.0,3.0,100.0,0.001,val_accuracy,0.5763888888888888
CNN-3,CNN_CQT_Spectrogram,64.0,10.0,100.0,0.001,val_accuracy,0.5763888888888888
CNN-3,CNN_Mel_Spectrogram,128.0,10.0,100.0,0.0001,val_accuracy,0.5763888888888888
CNN-0,CNN_MFCC_with_Deltas,128.0,10.0,100.0,0.0001,val_accuracy,0.5694444444444444
CNN-0,CNN_Mel_Spectrogram,128.0,5.0,100.0,0.0005,val_accuracy,0.5694444444444444
CNN-1,CNN_Mel_Spectrogram,128.0,10.0,100.0,0.0001,val_accuracy,0.5694444444444444
CNN-0,CNN_CQT_Spectrogram,128.0,3.0,100.0,0.0005,val_accuracy,0.5694444444444444
CNN-4,CNN_Mel_Spectrogram,64.0,10.0,50.0,0.0005,val_accuracy,0.5694444444444444
CNN-3,CNN_CQT_Spectrogram,128.0,5.0,50.0,0.0005,val_accuracy,0.5694444444444444
CNN-3,CNN_CQT_Spectrogram,64.0,10.0,100.0,0.0001,val_accuracy,0.5694444444444444
CNN-0,CNN_Mel_Spectrogram,64.0,3.0,50.0,0.001,val_accuracy,0.5694444444444444
CNN-3,CNN_CQT_Spectrogram,128.0,10.0,50.0,0.0005,val_accuracy,0.5694444444444444
CNN-3,CNN_CQT_Spectrogram,128.0,5.0,50.0,0.0001,val_accuracy,0.5694444444444444
CNN-4,CNN_Mel_Spectrogram,128.0,10.0,100.0,0.0005,val_accuracy,0.5694444444444444
CNN-3,CNN_CQT_Spectrogram,128.0,5.0,100.0,0.001,val_accuracy,0.5694444444444444
CNN-4,CNN_Mel_Spectrogram,128.0,10.0,50.0,0.0005,val_accuracy,0.5694444444444444
CNN-1,CNN_Mel_Spectrogram,128.0,3.0,50.0,0.0001,val_accuracy,0.5694444444444444
CNN-3,CNN_Mel_Spectrogram,64.0,10.0,50.0,0.0005,val_accuracy,0.5694444444444444
CNN-4,CNN_CQT_Spectrogram,128.0,5.0,100.0,0.001,val_accuracy,0.5694444444444444
CNN-0,CNN_MFCC_with_Deltas,64.0,3.0,100.0,0.001,val_accuracy,0.5694444444444444
CNN-4,CNN_MFCC_with_Deltas,64.0,3.0,50.0,0.0005,val_accuracy,0.5694444444444444
CNN-0,CNN_MFCC_with_Deltas,64.0,5.0,50.0,0.001,val_accuracy,0.5694444444444444
CNN-4,CNN_Mel_Spectrogram,128.0,10.0,50.0,0.001,val_accuracy,0.5694444444444444
CNN-0,CNN_CQT_Spectrogram,128.0,5.0,100.0,0.0001,val_accuracy,0.5694444444444444
CNN-3,CNN_CQT_Spectrogram,128.0,3.0,100.0,0.001,val_accuracy,0.5694444444444444
CNN-3,CNN_CQT_Spectrogram,64.0,3.0,50.0,0.0001,val_accuracy,0.5694444444444444
CNN-3,CNN_MFCC_with_Deltas,128.0,10.0,50.0,0.0001,val_accuracy,0.5694444444444444
CNN-3,CNN_Mel_Spectrogram,128.0,5.0,100.0,0.001,val_accuracy,0.5694444444444444
CNN-0,CNN_Mel_Spectrogram,128.0,5.0,100.0,0.001,val_accuracy,0.5694444444444444
CNN-3,CNN_Mel_Spectrogram,64.0,10.0,100.0,0.0005,val_accuracy,0.5625
CNN-3,CNN_Mel_Spectrogram,128.0,10.0,50.0,0.0001,val_accuracy,0.5625
CNN-0,CNN_CQT_Spectrogram,128.0,10.0,50.0,0.0001,val_accuracy,0.5625
CNN-3,CNN_MFCC_with_Deltas,64.0,10.0,100.0,0.0001,val_accuracy,0.5625
CNN-3,CNN_MFCC_with_Deltas,64.0,5.0,100.0,0.0005,val_accuracy,0.5625
CNN-4,CNN_Mel_Spectrogram,128.0,3.0,50.0,0.0005,val_accuracy,0.5625
CNN-0,CNN_CQT_Spectrogram,64.0,10.0,50.0,0.0001,val_accuracy,0.5625
CNN-4,CNN_Mel_Spectrogram,64.0,5.0,50.0,0.001,val_accuracy,0.5625
CNN-3,CNN_MFCC_with_Deltas,128.0,10.0,100.0,0.0001,val_accuracy,0.5625
CNN-3,CNN_Mel_Spectrogram,128.0,5.0,50.0,0.0005,val_accuracy,0.5625
CNN-3,CNN_Mel_Spectrogram,64.0,3.0,50.0,0.0001,val_accuracy,0.5625
CNN-4,CNN_CQT_Spectrogram,64.0,3.0,50.0,0.0001,val_accuracy,0.5625
CNN-0,CNN_CQT_Spectrogram,128.0,3.0,50.0,0.0005,val_accuracy,0.5625
CNN-3,CNN_MFCC_with_Deltas,128.0,5.0,100.0,0.0001,val_accuracy,0.5625
CNN-0,CNN_MFCC_with_Deltas,64.0,3.0,50.0,0.0005,val_accuracy,0.5625
CNN-0,CNN_CQT_Spectrogram,64.0,3.0,100.0,0.0005,val_accuracy,0.5625
CNN-1,CNN_MFCC_with_Deltas,64.0,5.0,100.0,0.0001,val_accuracy,0.5625
CNN-0,CNN_Mel_Spectrogram,128.0,10.0,100.0,0.0001,val_accuracy,0.5625
CNN-1,CNN_MFCC_with_Deltas,64.0,10.0,100.0,0.0005,val_accuracy,0.5625
CNN-0,CNN_CQT_Spectrogram,64.0,5.0,100.0,0.0001,val_accuracy,0.5625
CNN-0,CNN_MFCC_with_Deltas,128.0,5.0,100.0,0.0001,val_accuracy,0.5625
CNN-4,CNN_MFCC_with_Deltas,128.0,5.0,100.0,0.0001,val_accuracy,0.5555555555555556
CNN-4,CNN_Mel_Spectrogram,128.0,5.0,100.0,0.0005,val_accuracy,0.5555555555555556
CNN-4,CNN_CQT_Spectrogram,64.0,10.0,100.0,0.0001,val_accuracy,0.5555555555555556
CNN-3,CNN_MFCC_with_Deltas,128.0,3.0,100.0,0.0001,val_accuracy,0.5555555555555556
CNN-0,CNN_MFCC_with_Deltas,128.0,5.0,50.0,0.0001,val_accuracy,0.5555555555555556
CNN-4,CNN_Mel_Spectrogram,64.0,10.0,50.0,0.0001,val_accuracy,0.5555555555555556
CNN-4,CNN_Mel_Spectrogram,128.0,10.0,100.0,0.0001,val_accuracy,0.5555555555555556
CNN-4,CNN_Mel_Spectrogram,128.0,5.0,50.0,0.0005,val_accuracy,0.5555555555555556
CNN-3,CNN_Mel_Spectrogram,64.0,5.0,50.0,0.0005,val_accuracy,0.5555555555555556
CNN-4,CNN_Mel_Spectrogram,64.0,3.0,50.0,0.001,val_accuracy,0.5555555555555556
CNN-3,CNN_MFCC_with_Deltas,128.0,3.0,50.0,0.0005,val_accuracy,0.5555555555555556
CNN-4,CNN_Mel_Spectrogram,64.0,5.0,50.0,0.0005,val_accuracy,0.5555555555555556
CNN-1,CNN_Mel_Spectrogram,128.0,10.0,50.0,0.0001,val_accuracy,0.5555555555555556
CNN-3,CNN_Mel_Spectrogram,64.0,3.0,50.0,0.0005,val_accuracy,0.5555555555555556
CNN-0,CNN_Mel_Spectrogram,128.0,10.0,100.0,0.0005,val_accuracy,0.5555555555555556
CNN-0,CNN_CQT_Spectrogram,64.0,3.0,50.0,0.0001,val_accuracy,0.5555555555555556
CNN-4,CNN_MFCC_with_Deltas,128.0,10.0,50.0,0.0005,val_accuracy,0.5555555555555556
CNN-4,CNN_MFCC_with_Deltas,128.0,5.0,50.0,0.0001,val_accuracy,0.5555555555555556
CNN-0,CNN_MFCC_with_Deltas,128.0,3.0,100.0,0.0001,val_accuracy,0.5555555555555556
CNN-0,CNN_Mel_Spectrogram,128.0,3.0,100.0,0.0005,val_accuracy,0.5555555555555556
CNN-4,CNN_CQT_Spectrogram,128.0,3.0,100.0,0.001,val_accuracy,0.5555555555555556
CNN-0,CNN_CQT_Spectrogram,64.0,5.0,50.0,0.001,val_accuracy,0.5555555555555556
CNN-3,CNN_Mel_Spectrogram,64.0,10.0,50.0,0.001,val_accuracy,0.5555555555555556
CNN-0,CNN_MFCC_with_Deltas,64.0,3.0,50.0,0.001,val_accuracy,0.5555555555555556
CNN-0,CNN_Mel_Spectrogram,64.0,3.0,100.0,0.0005,val_accuracy,0.5555555555555556
CNN-3,CNN_Mel_Spectrogram,64.0,5.0,100.0,0.001,val_accuracy,0.5555555555555556
CNN-0,CNN_CQT_Spectrogram,128.0,5.0,50.0,0.0001,val_accuracy,0.5486111111111112
CNN-4,CNN_Mel_Spectrogram,128.0,5.0,50.0,0.001,val_accuracy,0.5486111111111112
CNN-3,CNN_MFCC_with_Deltas,128.0,10.0,50.0,0.001,val_accuracy,0.5486111111111112
CNN-0,CNN_Mel_Spectrogram,64.0,3.0,100.0,0.001,val_accuracy,0.5486111111111112
CNN-0,CNN_CQT_Spectrogram,128.0,3.0,100.0,0.001,val_accuracy,0.5486111111111112
CNN-4,CNN_Mel_Spectrogram,128.0,10.0,100.0,0.001,val_accuracy,0.5486111111111112
CNN-0,CNN_Mel_Spectrogram,128.0,3.0,50.0,0.001,val_accuracy,0.5486111111111112
CNN-3,CNN_Mel_Spectrogram,64.0,5.0,100.0,0.0005,val_accuracy,0.5486111111111112
CNN-0,CNN_Mel_Spectrogram,128.0,5.0,50.0,0.0001,val_accuracy,0.5486111111111112
CNN-3,CNN_Mel_Spectrogram,64.0,10.0,100.0,0.001,val_accuracy,0.5486111111111112
CNN-3,CNN_CQT_Spectrogram,64.0,3.0,50.0,0.0005,val_accuracy,0.5486111111111112
CNN-0,CNN_CQT_Spectrogram,128.0,3.0,50.0,0.0001,val_accuracy,0.5486111111111112
CNN-1,CNN_CQT_Spectrogram,64.0,10.0,100.0,0.0001,val_accuracy,0.5486111111111112
CNN-4,CNN_MFCC_with_Deltas,128.0,5.0,100.0,0.001,val_accuracy,0.5486111111111112
CNN-3,CNN_CQT_Spectrogram,128.0,3.0,50.0,0.0001,val_accuracy,0.5486111111111112
CNN-4,CNN_CQT_Spectrogram,128.0,3.0,50.0,0.0005,val_accuracy,0.5486111111111112
CNN-3,CNN_MFCC_with_Deltas,64.0,3.0,100.0,0.0001,val_accuracy,0.5486111111111112
CNN-1,CNN_Mel_Spectrogram,128.0,10.0,50.0,0.001,val_accuracy,0.5486111111111112
CNN-3,CNN_Mel_Spectrogram,128.0,3.0,100.0,0.0005,val_accuracy,0.5486111111111112
CNN-3,CNN_Mel_Spectrogram,128.0,5.0,100.0,0.0005,val_accuracy,0.5486111111111112
CNN-0,CNN_Mel_Spectrogram,64.0,3.0,100.0,0.0001,val_accuracy,0.5486111111111112
CNN-0,CNN_CQT_Spectrogram,128.0,5.0,100.0,0.001,val_accuracy,0.5416666666666666
CNN-4,CNN_Mel_Spectrogram,128.0,10.0,50.0,0.0001,val_accuracy,0.5416666666666666
CNN-4,CNN_CQT_Spectrogram,64.0,3.0,100.0,0.001,val_accuracy,0.5416666666666666
CNN-4,CNN_MFCC_with_Deltas,64.0,5.0,50.0,0.0001,val_accuracy,0.5416666666666666
CNN-0,CNN_CQT_Spectrogram,64.0,5.0,50.0,0.0001,val_accuracy,0.5416666666666666
CNN-4,CNN_MFCC_with_Deltas,64.0,3.0,50.0,0.0001,val_accuracy,0.5416666666666666
CNN-0,CNN_Mel_Spectrogram,64.0,10.0,100.0,0.0001,val_accuracy,0.5416666666666666
CNN-3,CNN_Mel_Spectrogram,64.0,5.0,50.0,0.0001,val_accuracy,0.5416666666666666
CNN-3,CNN_MFCC_with_Deltas,128.0,3.0,100.0,0.0005,val_accuracy,0.5416666666666666
CNN-0,CNN_Mel_Spectrogram,64.0,5.0,100.0,0.0001,val_accuracy,0.5416666666666666
CNN-4,CNN_Mel_Spectrogram,64.0,10.0,100.0,0.001,val_accuracy,0.5416666666666666
CNN-4,CNN_MFCC_with_Deltas,64.0,3.0,100.0,0.0001,val_accuracy,0.5416666666666666
CNN-1,CNN_MFCC_with_Deltas,64.0,3.0,50.0,0.0005,val_accuracy,0.5416666666666666
CNN-0,CNN_Mel_Spectrogram,64.0,10.0,50.0,0.001,val_accuracy,0.5416666666666666
CNN-3,CNN_CQT_Spectrogram,128.0,3.0,100.0,0.0001,val_accuracy,0.5416666666666666
CNN-0,CNN_MFCC_with_Deltas,128.0,3.0,50.0,0.0001,val_accuracy,0.5416666666666666
CNN-4,CNN_CQT_Spectrogram,128.0,5.0,50.0,0.0001,val_accuracy,0.5416666666666666
CNN-0,CNN_Mel_Spectrogram,64.0,3.0,50.0,0.0005,val_accuracy,0.5347222222222222
CNN-1,CNN_MFCC_with_Deltas,64.0,10.0,100.0,0.0001,val_accuracy,0.5347222222222222
CNN-4,CNN_Spectral_Contrast,64.0,5.0,100.0,0.0005,val_accuracy,0.5347222222222222
CNN-1,CNN_CQT_Spectrogram,64.0,10.0,50.0,0.0005,val_accuracy,0.5347222222222222
CNN-1,CNN_MFCC_with_Deltas,64.0,5.0,50.0,0.0005,val_accuracy,0.5347222222222222
CNN-3,CNN_MFCC_with_Deltas,64.0,5.0,100.0,0.0001,val_accuracy,0.5347222222222222
CNN-1,CNN_MFCC_with_Deltas,64.0,3.0,100.0,0.0001,val_accuracy,0.5347222222222222
CNN-0,CNN_CQT_Spectrogram,128.0,10.0,100.0,0.0001,val_accuracy,0.5347222222222222
CNN-1,CNN_Mel_Spectrogram,64.0,10.0,50.0,0.001,val_accuracy,0.5347222222222222
CNN-3,CNN_CQT_Spectrogram,64.0,10.0,50.0,0.001,val_accuracy,0.5347222222222222
CNN-1,CNN_Mel_Spectrogram,128.0,5.0,100.0,0.0005,val_accuracy,0.5347222222222222
CNN-1,CNN_Mel_Spectrogram,64.0,5.0,100.0,0.001,val_accuracy,0.5347222222222222
CNN-4,CNN_CQT_Spectrogram,128.0,3.0,100.0,0.0001,val_accuracy,0.5347222222222222
CNN-4,CNN_Mel_Spectrogram,64.0,3.0,100.0,0.001,val_accuracy,0.5347222222222222
CNN-3,CNN_Mel_Spectrogram,128.0,10.0,50.0,0.0005,val_accuracy,0.5347222222222222
CNN-4,CNN_Spectral_Contrast,128.0,10.0,100.0,0.0005,val_accuracy,0.5347222222222222
CNN-0,CNN_Mel_Spectrogram,128.0,5.0,50.0,0.001,val_accuracy,0.5347222222222222
CNN-0,CNN_MFCC_with_Deltas,64.0,3.0,100.0,0.0001,val_accuracy,0.5347222222222222
CNN-0,CNN_CQT_Spectrogram,64.0,3.0,100.0,0.001,val_accuracy,0.5347222222222222
CNN-0,CNN_CQT_Spectrogram,128.0,5.0,50.0,0.001,val_accuracy,0.5277777777777778
CNN-0,CNN_Mel_Spectrogram,64.0,10.0,100.0,0.001,val_accuracy,0.5277777777777778
CNN-1,CNN_MFCC_with_Deltas,64.0,5.0,50.0,0.0001,val_accuracy,0.5277777777777778
CNN-1,CNN_MFCC_with_Deltas,64.0,10.0,50.0,0.001,val_accuracy,0.5277777777777778
CNN-0,CNN_Spectral_Contrast,128.0,10.0,100.0,0.0001,val_accuracy,0.5277777777777778
CNN-3,CNN_Mel_Spectrogram,128.0,3.0,100.0,0.001,val_accuracy,0.5277777777777778
CNN-1,CNN_Mel_Spectrogram,128.0,10.0,100.0,0.0005,val_accuracy,0.5277777777777778
CNN-4,CNN_Mel_Spectrogram,64.0,10.0,50.0,0.001,val_accuracy,0.5277777777777778
CNN-3,CNN_Mel_Spectrogram,64.0,3.0,50.0,0.001,val_accuracy,0.5277777777777778
CNN-3,CNN_MFCC_with_Deltas,128.0,5.0,50.0,0.0001,val_accuracy,0.5277777777777778
CNN-3,CNN_CQT_Spectrogram,128.0,5.0,50.0,0.001,val_accuracy,0.5277777777777778
CNN-1,CNN_Mel_Spectrogram,64.0,5.0,50.0,0.001,val_accuracy,0.5277777777777778
CNN-1,CNN_Mel_Spectrogram,128.0,10.0,100.0,0.001,val_accuracy,0.5277777777777778
CNN-0,CNN_Mel_Spectrogram,128.0,10.0,50.0,0.0005,val_accuracy,0.5277777777777778
CNN-4,CNN_Mel_Spectrogram,64.0,5.0,50.0,0.0001,val_accuracy,0.5277777777777778
CNN-4,CNN_Mel_Spectrogram,64.0,3.0,100.0,0.0001,val_accuracy,0.5277777777777778
CNN-3,CNN_Spectral_Contrast,128.0,10.0,50.0,0.0005,val_accuracy,0.5277777777777778
CNN-3,CNN_Spectral_Contrast,64.0,5.0,50.0,0.0005,val_accuracy,0.5277777777777778
CNN-0,CNN_Mel_Spectrogram,64.0,5.0,100.0,0.0005,val_accuracy,0.5277777777777778
CNN-3,CNN_Mel_Spectrogram,64.0,3.0,100.0,0.001,val_accuracy,0.5277777777777778
CNN-3,CNN_Mel_Spectrogram,64.0,10.0,100.0,0.0001,val_accuracy,0.5277777777777778
CNN-4,CNN_MFCC_with_Deltas,128.0,3.0,100.0,0.0001,val_accuracy,0.5277777777777778
CNN-0,CNN_Mel_Spectrogram,128.0,10.0,50.0,0.001,val_accuracy,0.5277777777777778
CNN-4,CNN_Mel_Spectrogram,128.0,3.0,100.0,0.0005,val_accuracy,0.5277777777777778
CNN-1,CNN_Spectral_Contrast,128.0,10.0,100.0,0.0001,val_accuracy,0.5208333333333334
CNN-4,CNN_CQT_Spectrogram,64.0,5.0,100.0,0.0001,val_accuracy,0.5208333333333334
CNN-1,CNN_MFCC_with_Deltas,64.0,10.0,50.0,0.0001,val_accuracy,0.5208333333333334
CNN-1,CNN_Mel_Spectrogram,128.0,10.0,50.0,0.0005,val_accuracy,0.5208333333333334
CNN-4,CNN_Mel_Spectrogram,64.0,3.0,50.0,0.0001,val_accuracy,0.5208333333333334
CNN-3,CNN_MFCC_with_Deltas,64.0,3.0,50.0,0.0001,val_accuracy,0.5208333333333334
CNN-4,CNN_Mel_Spectrogram,64.0,10.0,100.0,0.0001,val_accuracy,0.5208333333333334
CNN-3,CNN_Mel_Spectrogram,64.0,3.0,100.0,0.0005,val_accuracy,0.5208333333333334
CNN-1,CNN_CQT_Spectrogram,64.0,5.0,100.0,0.0005,val_accuracy,0.5208333333333334
CNN-4,CNN_MFCC_with_Deltas,128.0,10.0,50.0,0.0001,val_accuracy,0.5208333333333334
CNN-4,CNN_MFCC_with_Deltas,128.0,3.0,100.0,0.001,val_accuracy,0.5208333333333334
CNN-3,CNN_Mel_Spectrogram,128.0,3.0,50.0,0.0005,val_accuracy,0.5208333333333334
CNN-0,CNN_Mel_Spectrogram,128.0,5.0,100.0,0.0001,val_accuracy,0.5208333333333334
CNN-1,CNN_CQT_Spectrogram,64.0,3.0,100.0,0.0005,val_accuracy,0.5208333333333334
CNN-4,CNN_Spectral_Contrast,64.0,10.0,100.0,0.001,val_accuracy,0.5208333333333334
CNN-1,CNN_CQT_Spectrogram,64.0,3.0,50.0,0.0005,val_accuracy,0.5208333333333334
CNN-0,CNN_Mel_Spectrogram,128.0,3.0,50.0,0.0005,val_accuracy,0.5208333333333334
CNN-0,CNN_Mel_Spectrogram,128.0,10.0,50.0,0.0001,val_accuracy,0.5208333333333334
CNN-4,CNN_CQT_Spectrogram,64.0,5.0,50.0,0.0001,val_accuracy,0.5208333333333334
CNN-3,CNN_Spectral_Contrast,64.0,10.0,100.0,0.001,val_accuracy,0.5208333333333334
CNN-4,CNN_Spectral_Contrast,64.0,5.0,50.0,0.0005,val_accuracy,0.5138888888888888
CNN-1,CNN_CQT_Spectrogram,64.0,5.0,100.0,0.0001,val_accuracy,0.5138888888888888
CNN-0,CNN_MFCC_with_Deltas,64.0,5.0,50.0,0.0001,val_accuracy,0.5138888888888888
CNN-4,CNN_Spectral_Contrast,64.0,5.0,100.0,0.001,val_accuracy,0.5138888888888888
CNN-4,CNN_Spectral_Contrast,64.0,10.0,50.0,0.001,val_accuracy,0.5138888888888888
CNN-1,CNN_MFCC_with_Deltas,64.0,5.0,100.0,0.001,val_accuracy,0.5138888888888888
CNN-0,CNN_MFCC_with_Deltas,64.0,3.0,50.0,0.0001,val_accuracy,0.5138888888888888
CNN-1,CNN_CQT_Spectrogram,64.0,10.0,100.0,0.001,val_accuracy,0.5138888888888888
CNN-4,CNN_CQT_Spectrogram,64.0,3.0,100.0,0.0001,val_accuracy,0.5138888888888888
CNN-3,CNN_Spectral_Contrast,64.0,10.0,50.0,0.0005,val_accuracy,0.5138888888888888
CNN-1,CNN_Mel_Spectrogram,64.0,3.0,100.0,0.0001,val_accuracy,0.5138888888888888
CNN-1,CNN_CQT_Spectrogram,64.0,3.0,50.0,0.001,val_accuracy,0.5138888888888888
CNN-4,CNN_Mel_Spectrogram,64.0,3.0,50.0,0.0005,val_accuracy,0.5138888888888888
CNN-1,CNN_CQT_Spectrogram,64.0,10.0,50.0,0.001,val_accuracy,0.5138888888888888
CNN-3,CNN_Mel_Spectrogram,64.0,5.0,50.0,0.001,val_accuracy,0.5138888888888888
CNN-0,CNN_Mel_Spectrogram,64.0,5.0,100.0,0.001,val_accuracy,0.5138888888888888
CNN-3,CNN_CQT_Spectrogram,64.0,3.0,100.0,0.0001,val_accuracy,0.5138888888888888
CNN-3,CNN_Spectral_Contrast,128.0,10.0,50.0,0.001,val_accuracy,0.5138888888888888
CNN-3,CNN_CQT_Spectrogram,128.0,3.0,50.0,0.001,val_accuracy,0.5138888888888888
CNN-4,CNN_Spectral_Contrast,64.0,3.0,50.0,0.001,val_accuracy,0.5069444444444444
CNN-1,CNN_CQT_Spectrogram,64.0,5.0,100.0,0.001,val_accuracy,0.5069444444444444
CNN-3,CNN_CQT_Spectrogram,128.0,3.0,50.0,0.0005,val_accuracy,0.5069444444444444
CNN-0,CNN_Spectral_Contrast,64.0,10.0,100.0,0.0005,val_accuracy,0.5069444444444444
CNN-3,CNN_Mel_Spectrogram,128.0,3.0,50.0,0.001,val_accuracy,0.5069444444444444
CNN-1,CNN_Spectral_Contrast,128.0,5.0,100.0,0.0005,val_accuracy,0.5069444444444444
CNN-4,CNN_Mel_Spectrogram,64.0,3.0,100.0,0.0005,val_accuracy,0.5069444444444444
CNN-3,CNN_Mel_Spectrogram,64.0,5.0,100.0,0.0001,val_accuracy,0.5069444444444444
CNN-4,CNN_Spectral_Contrast,64.0,10.0,50.0,0.0005,val_accuracy,0.5069444444444444
CNN-4,CNN_Spectral_Contrast,128.0,10.0,100.0,0.001,val_accuracy,0.5069444444444444
CNN-3,CNN_MFCC_with_Deltas,128.0,3.0,100.0,0.001,val_accuracy,0.5069444444444444
CNN-1,CNN_MFCC_with_Deltas,64.0,3.0,100.0,0.0005,val_accuracy,0.5069444444444444
CNN-3,CNN_Spectral_Contrast,128.0,3.0,50.0,0.001,val_accuracy,0.5069444444444444
CNN-3,CNN_Spectral_Contrast,64.0,3.0,100.0,0.0005,val_accuracy,0.5
CNN-4,CNN_Spectral_Contrast,128.0,5.0,50.0,0.0001,val_accuracy,0.5
CNN-4,CNN_Spectral_Contrast,64.0,10.0,50.0,0.0001,val_accuracy,0.5
CNN-0,CNN_Spectral_Contrast,64.0,5.0,100.0,0.001,val_accuracy,0.5
CNN-0,CNN_Spectral_Contrast,64.0,10.0,50.0,0.001,val_accuracy,0.5
CNN-0,CNN_Mel_Spectrogram,64.0,5.0,50.0,0.0005,val_accuracy,0.5
CNN-0,CNN_Mel_Spectrogram,64.0,3.0,50.0,0.0001,val_accuracy,0.5
CNN-4,CNN_Mel_Spectrogram,128.0,3.0,100.0,0.001,val_accuracy,0.5
CNN-3,CNN_MFCC_with_Deltas,64.0,10.0,50.0,0.0001,val_accuracy,0.5
CNN-1,CNN_MFCC_with_Deltas,64.0,3.0,50.0,0.0001,val_accuracy,0.5
CNN-3,CNN_Spectral_Contrast,64.0,10.0,50.0,0.0001,val_accuracy,0.5
CNN-3,CNN_Spectral_Contrast,64.0,5.0,50.0,0.001,val_accuracy,0.5
CNN-3,CNN_Mel_Spectrogram,128.0,3.0,100.0,0.0001,val_accuracy,0.4930555555555556
CNN-4,CNN_Chromagram,64.0,10.0,50.0,0.001,val_accuracy,0.4930555555555556
CNN-3,CNN_MFCC_with_Deltas,128.0,3.0,50.0,0.0001,val_accuracy,0.4930555555555556
CNN-0,CNN_Spectral_Contrast,128.0,10.0,50.0,0.0005,val_accuracy,0.4930555555555556
CNN-0,CNN_CQT_Spectrogram,128.0,3.0,100.0,0.0001,val_accuracy,0.4930555555555556
CNN-1,CNN_Spectral_Contrast,128.0,3.0,50.0,0.001,val_accuracy,0.4930555555555556
CNN-0,CNN_Mel_Spectrogram,64.0,5.0,50.0,0.001,val_accuracy,0.4930555555555556
CNN-0,CNN_CQT_Spectrogram,64.0,5.0,100.0,0.001,val_accuracy,0.4930555555555556
CNN-3,CNN_Mel_Spectrogram,128.0,10.0,50.0,0.001,val_accuracy,0.4930555555555556
CNN-1,CNN_Mel_Spectrogram,64.0,3.0,50.0,0.001,val_accuracy,0.4930555555555556
CNN-4,CNN_Mel_Spectrogram,128.0,3.0,50.0,0.001,val_accuracy,0.4930555555555556
CNN-0,CNN_Spectral_Contrast,64.0,3.0,50.0,0.0005,val_accuracy,0.4930555555555556
CNN-3,CNN_Spectral_Contrast,64.0,10.0,50.0,0.001,val_accuracy,0.4930555555555556
CNN-4,CNN_Mel_Spectrogram,64.0,5.0,100.0,0.001,val_accuracy,0.4930555555555556
CNN-1,CNN_Spectral_Contrast,128.0,10.0,50.0,0.0005,val_accuracy,0.4930555555555556
CNN-1,CNN_Mel_Spectrogram,64.0,10.0,100.0,0.001,val_accuracy,0.4930555555555556
CNN-1,CNN_Mel_Spectrogram,64.0,5.0,50.0,0.0005,val_accuracy,0.4930555555555556
CNN-1,CNN_CQT_Spectrogram,64.0,10.0,50.0,0.0001,val_accuracy,0.4930555555555556
CNN-0,CNN_Spectral_Contrast,64.0,5.0,50.0,0.0001,val_accuracy,0.4861111111111111
CNN-4,CNN_Spectral_Contrast,128.0,10.0,50.0,0.0005,val_accuracy,0.4861111111111111
CNN-1,CNN_MFCC_with_Deltas,64.0,3.0,100.0,0.001,val_accuracy,0.4861111111111111
CNN-3,CNN_CQT_Spectrogram,128.0,10.0,50.0,0.001,val_accuracy,0.4861111111111111
CNN-0,CNN_Spectral_Contrast,128.0,5.0,100.0,0.0005,val_accuracy,0.4861111111111111
CNN-1,CNN_MFCC_with_Deltas,64.0,3.0,50.0,0.001,val_accuracy,0.4861111111111111
CNN-1,CNN_CQT_Spectrogram,64.0,3.0,100.0,0.0001,val_accuracy,0.4861111111111111
CNN-4,CNN_Mel_Spectrogram,64.0,5.0,100.0,0.0001,val_accuracy,0.4861111111111111
CNN-1,CNN_Mel_Spectrogram,64.0,3.0,50.0,0.0001,val_accuracy,0.4861111111111111
CNN-4,CNN_Spectral_Contrast,64.0,10.0,100.0,0.0005,val_accuracy,0.4861111111111111
CNN-0,CNN_Mel_Spectrogram,128.0,3.0,100.0,0.0001,val_accuracy,0.4861111111111111
CNN-4,CNN_Mel_Spectrogram,128.0,5.0,50.0,0.0001,val_accuracy,0.4861111111111111
CNN-0,CNN_Mel_Spectrogram,64.0,5.0,50.0,0.0001,val_accuracy,0.4861111111111111
CNN-3,CNN_Mel_Spectrogram,64.0,10.0,50.0,0.0001,val_accuracy,0.4861111111111111
CNN-4,CNN_Spectral_Contrast,128.0,3.0,50.0,0.0005,val_accuracy,0.4861111111111111
CNN-1,CNN_Mel_Spectrogram,64.0,10.0,50.0,0.0005,val_accuracy,0.4861111111111111
CNN-1,CNN_Mel_Spectrogram,64.0,5.0,50.0,0.0001,val_accuracy,0.4861111111111111
CNN-4,CNN_Spectral_Contrast,64.0,3.0,100.0,0.001,val_accuracy,0.4861111111111111
CNN-3,CNN_CQT_Spectrogram,64.0,3.0,50.0,0.001,val_accuracy,0.4861111111111111
CNN-1,CNN_CQT_Spectrogram,64.0,5.0,50.0,0.0001,val_accuracy,0.4861111111111111
CNN-1,CNN_MFCC_with_Deltas,64.0,10.0,50.0,0.0005,val_accuracy,0.4791666666666667
CNN-1,CNN_CQT_Spectrogram,64.0,5.0,50.0,0.0005,val_accuracy,0.4791666666666667
CNN-1,CNN_Spectral_Contrast,128.0,5.0,100.0,0.0001,val_accuracy,0.4791666666666667
CNN-4,CNN_Spectral_Contrast,128.0,5.0,50.0,0.001,val_accuracy,0.4791666666666667
CNN-1,CNN_MFCC_with_Deltas,64.0,10.0,100.0,0.001,val_accuracy,0.4791666666666667
CNN-1,CNN_Mel_Spectrogram,64.0,5.0,100.0,0.0005,val_accuracy,0.4791666666666667
CNN-1,CNN_Spectral_Contrast,128.0,10.0,50.0,0.0001,val_accuracy,0.4791666666666667
CNN-4,CNN_Spectral_Contrast,128.0,3.0,100.0,0.001,val_accuracy,0.4791666666666667
CNN-0,CNN_Chromagram,128.0,10.0,100.0,0.0005,val_accuracy,0.4791666666666667
CNN-3,CNN_Chromagram,64.0,10.0,50.0,0.0005,val_accuracy,0.4791666666666667
CNN-3,CNN_Spectral_Contrast,128.0,10.0,100.0,0.001,val_accuracy,0.4791666666666667
CNN-3,CNN_Spectral_Contrast,128.0,5.0,100.0,0.0005,val_accuracy,0.4791666666666667
CNN-1,CNN_CQT_Spectrogram,64.0,5.0,50.0,0.001,val_accuracy,0.4791666666666667
CNN-3,CNN_Spectral_Contrast,64.0,10.0,100.0,0.0005,val_accuracy,0.4791666666666667
CNN-1,CNN_Spectral_Contrast,128.0,5.0,50.0,0.0001,val_accuracy,0.4791666666666667
CNN-0,CNN_Spectral_Contrast,64.0,5.0,50.0,0.0005,val_accuracy,0.4791666666666667
CNN-4,CNN_Spectral_Contrast,64.0,10.0,100.0,0.0001,val_accuracy,0.4791666666666667
CNN-1,CNN_Spectral_Contrast,128.0,3.0,100.0,0.001,val_accuracy,0.4791666666666667
CNN-1,CNN_MFCC_with_Deltas,64.0,5.0,100.0,0.0005,val_accuracy,0.4791666666666667
CNN-1,CNN_Mel_Spectrogram,64.0,3.0,100.0,0.0005,val_accuracy,0.4791666666666667
CNN-1,CNN_Spectral_Contrast,128.0,10.0,50.0,0.001,val_accuracy,0.4791666666666667
CNN-1,CNN_CQT_Spectrogram,64.0,3.0,100.0,0.001,val_accuracy,0.4722222222222222
CNN-3,CNN_Spectral_Contrast,64.0,5.0,100.0,0.0001,val_accuracy,0.4722222222222222
CNN-1,CNN_Mel_Spectrogram,64.0,10.0,100.0,0.0005,val_accuracy,0.4722222222222222
CNN-3,CNN_Spectral_Contrast,128.0,10.0,100.0,0.0005,val_accuracy,0.4722222222222222
CNN-0,CNN_Chromagram,128.0,5.0,50.0,0.0005,val_accuracy,0.4722222222222222
CNN-1,CNN_Mel_Spectrogram,64.0,10.0,100.0,0.0001,val_accuracy,0.4722222222222222
CNN-3,CNN_Spectral_Contrast,128.0,5.0,50.0,0.0005,val_accuracy,0.4722222222222222
CNN-1,CNN_CQT_Spectrogram,64.0,10.0,100.0,0.0005,val_accuracy,0.4722222222222222
CNN-1,CNN_Spectral_Contrast,128.0,3.0,100.0,0.0001,val_accuracy,0.4722222222222222
CNN-4,CNN_Chromagram,128.0,5.0,50.0,0.0005,val_accuracy,0.4722222222222222
CNN-0,CNN_Spectral_Contrast,64.0,3.0,100.0,0.0005,val_accuracy,0.4722222222222222
CNN-3,CNN_Mel_Spectrogram,128.0,10.0,100.0,0.001,val_accuracy,0.4722222222222222
CNN-1,CNN_Mel_Spectrogram,64.0,10.0,50.0,0.0001,val_accuracy,0.4722222222222222
CNN-0,CNN_CQT_Spectrogram,64.0,3.0,50.0,0.001,val_accuracy,0.4722222222222222
CNN-1,CNN_Spectral_Contrast,128.0,3.0,50.0,0.0005,val_accuracy,0.4722222222222222
CNN-0,CNN_Spectral_Contrast,64.0,10.0,50.0,0.0001,val_accuracy,0.4722222222222222
CNN-4,CNN_Spectral_Contrast,128.0,10.0,50.0,0.001,val_accuracy,0.4722222222222222
CNN-0,CNN_Spectral_Contrast,128.0,3.0,100.0,0.0001,val_accuracy,0.4652777777777778
CNN-3,CNN_Mel_Spectrogram,128.0,3.0,50.0,0.0001,val_accuracy,0.4652777777777778
CNN-1,CNN_Mel_Spectrogram,64.0,3.0,100.0,0.001,val_accuracy,0.4652777777777778
CNN-0,CNN_Spectral_Contrast,128.0,5.0,100.0,0.001,val_accuracy,0.4652777777777778
CNN-4,CNN_Spectral_Contrast,64.0,3.0,50.0,0.0005,val_accuracy,0.4652777777777778
CNN-4,CNN_Spectral_Contrast,128.0,5.0,100.0,0.0005,val_accuracy,0.4652777777777778
CNN-3,CNN_Spectral_Contrast,64.0,10.0,100.0,0.0001,val_accuracy,0.4652777777777778
CNN-0,CNN_Spectral_Contrast,64.0,5.0,50.0,0.001,val_accuracy,0.4652777777777778
CNN-4,CNN_Chromagram,128.0,10.0,50.0,0.0005,val_accuracy,0.4652777777777778
CNN-1,CNN_Mel_Spectrogram,64.0,3.0,50.0,0.0005,val_accuracy,0.4652777777777778
CNN-3,CNN_Spectral_Contrast,128.0,10.0,50.0,0.0001,val_accuracy,0.4652777777777778
CNN-3,CNN_Spectral_Contrast,128.0,3.0,100.0,0.0005,val_accuracy,0.4652777777777778
CNN-0,CNN_Spectral_Contrast,64.0,5.0,100.0,0.0005,val_accuracy,0.4583333333333333
CNN-0,CNN_Spectral_Contrast,64.0,10.0,100.0,0.0001,val_accuracy,0.4583333333333333
CNN-0,CNN_Spectral_Contrast,128.0,10.0,100.0,0.001,val_accuracy,0.4583333333333333
CNN-3,CNN_Spectral_Contrast,64.0,3.0,50.0,0.0005,val_accuracy,0.4583333333333333
CNN-3,CNN_Spectral_Contrast,128.0,5.0,100.0,0.0001,val_accuracy,0.4583333333333333
CNN-0,CNN_Spectral_Contrast,128.0,5.0,50.0,0.0005,val_accuracy,0.4583333333333333
CNN-0,CNN_Spectral_Contrast,128.0,10.0,100.0,0.0005,val_accuracy,0.4583333333333333
CNN-3,CNN_Chromagram,128.0,5.0,100.0,0.0001,val_accuracy,0.4583333333333333
CNN-4,CNN_Chromagram,64.0,10.0,100.0,0.001,val_accuracy,0.4583333333333333
CNN-4,CNN_Spectral_Contrast,64.0,5.0,50.0,0.001,val_accuracy,0.4583333333333333
CNN-0,CNN_Spectral_Contrast,128.0,10.0,50.0,0.001,val_accuracy,0.4513888888888889
CNN-1,CNN_Mel_Spectrogram,64.0,5.0,100.0,0.0001,val_accuracy,0.4513888888888889
CNN-0,CNN_Mel_Spectrogram,128.0,3.0,50.0,0.0001,val_accuracy,0.4513888888888889
CNN-0,CNN_Spectral_Contrast,64.0,3.0,50.0,0.0001,val_accuracy,0.4513888888888889
CNN-1,CNN_MFCC_with_Deltas,64.0,5.0,50.0,0.001,val_accuracy,0.4513888888888889
CNN-0,CNN_Spectral_Contrast,64.0,10.0,50.0,0.0005,val_accuracy,0.4513888888888889
CNN-3,CNN_Chromagram,64.0,5.0,50.0,0.001,val_accuracy,0.4513888888888889
CNN-1,CNN_Spectral_Contrast,128.0,5.0,50.0,0.001,val_accuracy,0.4513888888888889
CNN-4,CNN_Chromagram,64.0,10.0,100.0,0.0005,val_accuracy,0.4513888888888889
CNN-3,CNN_Spectral_Contrast,64.0,5.0,50.0,0.0001,val_accuracy,0.4513888888888889
CNN-3,CNN_Spectral_Contrast,128.0,5.0,50.0,0.001,val_accuracy,0.4513888888888889
CNN-0,CNN_Spectral_Contrast,64.0,3.0,100.0,0.0001,val_accuracy,0.4513888888888889
CNN-1,CNN_CQT_Spectrogram,64.0,3.0,50.0,0.0001,val_accuracy,0.4513888888888889
CNN-0,CNN_Spectral_Contrast,128.0,5.0,100.0,0.0001,val_accuracy,0.4513888888888889
CNN-4,CNN_Spectral_Contrast,128.0,10.0,100.0,0.0001,val_accuracy,0.4513888888888889
CNN-4,CNN_Chromagram,64.0,5.0,50.0,0.001,val_accuracy,0.4513888888888889
CNN-4,CNN_Chromagram,64.0,10.0,50.0,0.0005,val_accuracy,0.4513888888888889
CNN-3,CNN_Spectral_Contrast,64.0,5.0,100.0,0.0005,val_accuracy,0.4513888888888889
CNN-1,CNN_Spectral_Contrast,128.0,10.0,100.0,0.0005,val_accuracy,0.4444444444444444
CNN-3,CNN_Spectral_Contrast,64.0,5.0,100.0,0.001,val_accuracy,0.4444444444444444
CNN-0,CNN_Spectral_Contrast,64.0,10.0,100.0,0.001,val_accuracy,0.4444444444444444
CNN-4,CNN_Mel_Spectrogram,128.0,5.0,100.0,0.0001,val_accuracy,0.4444444444444444
CNN-4,CNN_Spectral_Contrast,128.0,3.0,100.0,0.0005,val_accuracy,0.4444444444444444
CNN-3,CNN_Spectral_Contrast,128.0,10.0,100.0,0.0001,val_accuracy,0.4444444444444444
CNN-4,CNN_Chromagram,128.0,10.0,50.0,0.0001,val_accuracy,0.4444444444444444
CNN-3,CNN_Spectral_Contrast,64.0,3.0,100.0,0.0001,val_accuracy,0.4444444444444444
CNN-1,CNN_Spectral_Contrast,128.0,5.0,100.0,0.001,val_accuracy,0.4444444444444444
CNN-0,CNN_Chromagram,64.0,5.0,100.0,0.0001,val_accuracy,0.4444444444444444
CNN-1,CNN_Spectral_Contrast,128.0,5.0,50.0,0.0005,val_accuracy,0.4444444444444444
CNN-1,CNN_Chromagram,128.0,10.0,50.0,0.001,val_accuracy,0.4444444444444444
CNN-4,CNN_Spectral_Contrast,64.0,3.0,100.0,0.0005,val_accuracy,0.4444444444444444
CNN-3,CNN_Chromagram,64.0,10.0,100.0,0.0005,val_accuracy,0.4375
CNN-0,CNN_Chromagram,128.0,10.0,50.0,0.0005,val_accuracy,0.4375
CNN-4,CNN_Spectral_Contrast,128.0,5.0,100.0,0.001,val_accuracy,0.4375
CNN-0,CNN_Chromagram,128.0,5.0,100.0,0.0001,val_accuracy,0.4375
CNN-3,CNN_Spectral_Contrast,128.0,3.0,100.0,0.0001,val_accuracy,0.4375
CNN-4,CNN_CQT_Spectrogram,128.0,3.0,50.0,0.0001,val_accuracy,0.4375
CNN-0,CNN_Spectral_Contrast,128.0,3.0,50.0,0.0005,val_accuracy,0.4375
CNN-3,CNN_Spectral_Contrast,64.0,3.0,50.0,0.001,val_accuracy,0.4375
CNN-3,CNN_Spectral_Contrast,128.0,5.0,50.0,0.0001,val_accuracy,0.4375
CNN-1,CNN_Chromagram,128.0,5.0,100.0,0.0005,val_accuracy,0.4375
CNN-0,CNN_Chromagram,64.0,10.0,50.0,0.0005,val_accuracy,0.4375
CNN-4,CNN_Spectral_Contrast,128.0,3.0,100.0,0.0001,val_accuracy,0.4375
CNN-3,CNN_Mel_Spectrogram,128.0,5.0,50.0,0.0001,val_accuracy,0.4375
CNN-4,CNN_Spectral_Contrast,128.0,5.0,100.0,0.0001,val_accuracy,0.4375
CNN-3,CNN_Spectral_Contrast,128.0,5.0,100.0,0.001,val_accuracy,0.4375
CNN-4,CNN_Spectral_Contrast,64.0,5.0,100.0,0.0001,val_accuracy,0.4305555555555556
CNN-4,CNN_Chromagram,128.0,10.0,100.0,0.001,val_accuracy,0.4305555555555556
CNN-3,CNN_Chromagram,128.0,10.0,50.0,0.0001,val_accuracy,0.4305555555555556
CNN-4,CNN_Spectral_Contrast,64.0,3.0,100.0,0.0001,val_accuracy,0.4305555555555556
CNN-1,CNN_Chromagram,128.0,3.0,50.0,0.001,val_accuracy,0.4305555555555556
CNN-3,CNN_Chromagram,128.0,5.0,100.0,0.0005,val_accuracy,0.4305555555555556
CNN-3,CNN_Chromagram,128.0,10.0,100.0,0.001,val_accuracy,0.4305555555555556
CNN-0,CNN_Spectral_Contrast,64.0,3.0,50.0,0.001,val_accuracy,0.4305555555555556
CNN-4,CNN_Chromagram,64.0,10.0,100.0,0.0001,val_accuracy,0.4305555555555556
CNN-0,CNN_Spectral_Contrast,128.0,3.0,100.0,0.001,val_accuracy,0.4305555555555556
CNN-4,CNN_Spectral_Contrast,64.0,3.0,50.0,0.0001,val_accuracy,0.4305555555555556
CNN-4,CNN_Chromagram,64.0,5.0,100.0,0.001,val_accuracy,0.4236111111111111
CNN-3,CNN_Spectral_Contrast,128.0,3.0,50.0,0.0005,val_accuracy,0.4236111111111111
CNN-3,CNN_Chromagram,64.0,10.0,100.0,0.0001,val_accuracy,0.4236111111111111
CNN-3,CNN_Chromagram,128.0,10.0,50.0,0.0005,val_accuracy,0.4236111111111111
CNN-0,CNN_Spectral_Contrast,128.0,3.0,50.0,0.001,val_accuracy,0.4236111111111111
CNN-1,CNN_Spectral_Contrast,128.0,3.0,100.0,0.0005,val_accuracy,0.4236111111111111
CNN-4,CNN_Chromagram,64.0,3.0,100.0,0.0005,val_accuracy,0.4236111111111111
CNN-0,CNN_Chromagram,128.0,10.0,50.0,0.0001,val_accuracy,0.4236111111111111
CNN-0,CNN_Spectral_Contrast,128.0,10.0,50.0,0.0001,val_accuracy,0.4236111111111111
CNN-3,CNN_Spectral_Contrast,128.0,3.0,50.0,0.0001,val_accuracy,0.4236111111111111
CNN-0,CNN_Chromagram,128.0,3.0,100.0,0.001,val_accuracy,0.4236111111111111
CNN-4,CNN_Spectral_Contrast,128.0,5.0,50.0,0.0005,val_accuracy,0.4236111111111111
CNN-3,CNN_Spectral_Contrast,64.0,3.0,100.0,0.001,val_accuracy,0.4236111111111111
CNN-4,CNN_Chromagram,64.0,10.0,50.0,0.0001,val_accuracy,0.4236111111111111
CNN-3,CNN_Chromagram,64.0,10.0,50.0,0.001,val_accuracy,0.4166666666666667
CNN-0,CNN_Chromagram,64.0,5.0,100.0,0.001,val_accuracy,0.4166666666666667
CNN-4,CNN_Chromagram,64.0,3.0,50.0,0.0005,val_accuracy,0.4166666666666667
CNN-4,CNN_Chromagram,128.0,10.0,50.0,0.001,val_accuracy,0.4166666666666667
CNN-4,CNN_Spectral_Contrast,64.0,5.0,50.0,0.0001,val_accuracy,0.4166666666666667
CNN-1,CNN_Chromagram,128.0,10.0,100.0,0.001,val_accuracy,0.4166666666666667
CNN-4,CNN_Spectral_Contrast,128.0,3.0,50.0,0.001,val_accuracy,0.4166666666666667
CNN-1,CNN_Chromagram,128.0,5.0,50.0,0.001,val_accuracy,0.4166666666666667
CNN-3,CNN_Chromagram,64.0,5.0,50.0,0.0005,val_accuracy,0.4166666666666667
CNN-4,CNN_Spectral_Contrast,128.0,10.0,50.0,0.0001,val_accuracy,0.4166666666666667
CNN-3,CNN_Spectral_Contrast,128.0,3.0,100.0,0.001,val_accuracy,0.4166666666666667
CNN-0,CNN_Chromagram,128.0,10.0,50.0,0.001,val_accuracy,0.4166666666666667
CNN-1,CNN_Spectral_Contrast,128.0,3.0,50.0,0.0001,val_accuracy,0.4166666666666667
CNN-3,CNN_Chromagram,64.0,3.0,100.0,0.0001,val_accuracy,0.4166666666666667
CNN-4,CNN_Chromagram,64.0,5.0,50.0,0.0001,val_accuracy,0.4097222222222222
CNN-3,CNN_Chromagram,64.0,5.0,100.0,0.001,val_accuracy,0.4097222222222222
CNN-0,CNN_Chromagram,64.0,5.0,50.0,0.001,val_accuracy,0.4097222222222222
CNN-4,CNN_MFCC_with_Deltas,128.0,3.0,50.0,0.0001,val_accuracy,0.4097222222222222
CNN-0,CNN_Chromagram,64.0,10.0,100.0,0.0005,val_accuracy,0.4097222222222222
CNN-1,CNN_Chromagram,128.0,3.0,100.0,0.001,val_accuracy,0.4097222222222222
CNN-4,CNN_Chromagram,64.0,5.0,100.0,0.0005,val_accuracy,0.4097222222222222
CNN-0,CNN_Chromagram,64.0,10.0,50.0,0.001,val_accuracy,0.4097222222222222
CNN-1,CNN_Chromagram,128.0,10.0,50.0,0.0005,val_accuracy,0.4097222222222222
CNN-4,CNN_Spectral_Contrast,128.0,3.0,50.0,0.0001,val_accuracy,0.4097222222222222
CNN-1,CNN_Spectral_Contrast,64.0,5.0,50.0,0.0001,val_accuracy,0.4097222222222222
CNN-3,CNN_Chromagram,128.0,3.0,50.0,0.0005,val_accuracy,0.4097222222222222
CNN-0,CNN_Chromagram,64.0,5.0,50.0,0.0005,val_accuracy,0.4097222222222222
CNN-3,CNN_Chromagram,64.0,3.0,50.0,0.0001,val_accuracy,0.4097222222222222
CNN-0,CNN_Spectral_Contrast,128.0,3.0,100.0,0.0005,val_accuracy,0.4097222222222222
CNN-3,CNN_Chromagram,64.0,3.0,50.0,0.001,val_accuracy,0.4097222222222222
CNN-1,CNN_Spectral_Contrast,64.0,10.0,100.0,0.0001,val_accuracy,0.4097222222222222
CNN-3,CNN_Chromagram,64.0,10.0,100.0,0.001,val_accuracy,0.4027777777777778
CNN-0,CNN_Chromagram,128.0,3.0,100.0,0.0005,val_accuracy,0.4027777777777778
CNN-4,CNN_Mel_Spectrogram,128.0,3.0,100.0,0.0001,val_accuracy,0.4027777777777778
CNN-1,CNN_Chromagram,128.0,5.0,100.0,0.0001,val_accuracy,0.4027777777777778
CNN-3,CNN_Chromagram,128.0,5.0,50.0,0.0001,val_accuracy,0.4027777777777778
CNN-3,CNN_Chromagram,128.0,10.0,100.0,0.0001,val_accuracy,0.4027777777777778
CNN-4,CNN_Chromagram,128.0,5.0,50.0,0.0001,val_accuracy,0.4027777777777778
CNN-2,CNN_MFCC_with_Deltas,128.0,10.0,50.0,0.001,val_accuracy,0.4027777777777778
CNN-0,CNN_Chromagram,64.0,10.0,50.0,0.0001,val_accuracy,0.4027777777777778
CNN-0,CNN_Chromagram,128.0,5.0,50.0,0.0001,val_accuracy,0.4027777777777778
CNN-4,CNN_Chromagram,128.0,10.0,100.0,0.0005,val_accuracy,0.4027777777777778
CNN-1,CNN_Spectral_Contrast,64.0,5.0,100.0,0.0005,val_accuracy,0.4027777777777778
CNN-1,CNN_Spectral_Contrast,64.0,5.0,100.0,0.0001,val_accuracy,0.4027777777777778
CNN-4,CNN_Chromagram,128.0,5.0,100.0,0.001,val_accuracy,0.4027777777777778
CNN-0,CNN_Spectral_Contrast,64.0,5.0,100.0,0.0001,val_accuracy,0.3958333333333333
CNN-3,CNN_Spectral_Contrast,64.0,3.0,50.0,0.0001,val_accuracy,0.3958333333333333
CNN-1,CNN_Chromagram,128.0,5.0,100.0,0.001,val_accuracy,0.3958333333333333
CNN-4,CNN_Chromagram,128.0,3.0,50.0,0.0005,val_accuracy,0.3958333333333333
CNN-0,CNN_Chromagram,64.0,3.0,100.0,0.0005,val_accuracy,0.3958333333333333
CNN-0,CNN_Spectral_Contrast,128.0,5.0,50.0,0.001,val_accuracy,0.3958333333333333
CNN-1,CNN_Chromagram,128.0,3.0,50.0,0.0005,val_accuracy,0.3958333333333333
CNN-4,CNN_Chromagram,128.0,3.0,50.0,0.001,val_accuracy,0.3958333333333333
CNN-4,CNN_Chromagram,64.0,3.0,100.0,0.001,val_accuracy,0.3958333333333333
CNN-1,CNN_Spectral_Contrast,128.0,10.0,100.0,0.001,val_accuracy,0.3958333333333333
CNN-0,CNN_Chromagram,64.0,3.0,50.0,0.001,val_accuracy,0.3958333333333333
CNN-3,CNN_Chromagram,64.0,3.0,100.0,0.0005,val_accuracy,0.3958333333333333
CNN-4,CNN_Chromagram,128.0,5.0,100.0,0.0005,val_accuracy,0.3888888888888889
CNN-4,CNN_Chromagram,64.0,5.0,50.0,0.0005,val_accuracy,0.3888888888888889
CNN-4,CNN_Chromagram,128.0,3.0,100.0,0.0005,val_accuracy,0.3888888888888889
CNN-3,CNN_Chromagram,128.0,3.0,50.0,0.0001,val_accuracy,0.3888888888888889
CNN-0,CNN_Chromagram,64.0,3.0,50.0,0.0005,val_accuracy,0.3888888888888889
CNN-0,CNN_Spectral_Contrast,64.0,3.0,100.0,0.001,val_accuracy,0.3888888888888889
CNN-0,CNN_Chromagram,64.0,10.0,100.0,0.0001,val_accuracy,0.3888888888888889
CNN-0,CNN_Chromagram,128.0,10.0,100.0,0.0001,val_accuracy,0.3888888888888889
CNN-0,CNN_Chromagram,128.0,3.0,50.0,0.0005,val_accuracy,0.3888888888888889
CNN-0,CNN_Chromagram,128.0,10.0,100.0,0.001,val_accuracy,0.3888888888888889
CNN-1,CNN_Spectral_Contrast,64.0,10.0,100.0,0.0005,val_accuracy,0.3888888888888889
CNN-1,CNN_Spectral_Contrast,64.0,3.0,100.0,0.0001,val_accuracy,0.3888888888888889
CNN-3,CNN_Chromagram,128.0,5.0,50.0,0.001,val_accuracy,0.3888888888888889
CNN-1,CNN_Spectral_Contrast,64.0,10.0,50.0,0.001,val_accuracy,0.3888888888888889
CNN-0,CNN_Chromagram,128.0,3.0,50.0,0.001,val_accuracy,0.3819444444444444
CNN-3,CNN_Chromagram,128.0,3.0,100.0,0.0005,val_accuracy,0.3819444444444444
CNN-0,CNN_Chromagram,128.0,3.0,50.0,0.0001,val_accuracy,0.3819444444444444
CNN-1,CNN_Chromagram,128.0,3.0,100.0,0.0005,val_accuracy,0.3819444444444444
CNN-0,CNN_Chromagram,128.0,5.0,100.0,0.001,val_accuracy,0.3819444444444444
CNN-1,CNN_Chromagram,128.0,3.0,50.0,0.0001,val_accuracy,0.3819444444444444
CNN-0,CNN_Chromagram,64.0,5.0,100.0,0.0005,val_accuracy,0.3819444444444444
CNN-1,CNN_Chromagram,64.0,10.0,50.0,0.001,val_accuracy,0.3819444444444444
CNN-4,CNN_Chromagram,128.0,5.0,50.0,0.001,val_accuracy,0.3819444444444444
CNN-2,CNN_CQT_Spectrogram,128.0,10.0,50.0,0.001,val_accuracy,0.3819444444444444
CNN-1,CNN_Spectral_Contrast,64.0,5.0,100.0,0.001,val_accuracy,0.3819444444444444
CNN-3,CNN_Chromagram,128.0,5.0,100.0,0.001,val_accuracy,0.3819444444444444
CNN-3,CNN_Chromagram,64.0,5.0,100.0,0.0005,val_accuracy,0.3819444444444444
CNN-0,CNN_Chromagram,128.0,5.0,100.0,0.0005,val_accuracy,0.3819444444444444
CNN-1,CNN_Chromagram,128.0,10.0,100.0,0.0001,val_accuracy,0.3819444444444444
CNN-3,CNN_Chromagram,128.0,10.0,100.0,0.0005,val_accuracy,0.3819444444444444
CNN-0,CNN_Chromagram,64.0,10.0,100.0,0.001,val_accuracy,0.3819444444444444
CNN-3,CNN_Chromagram,64.0,5.0,100.0,0.0001,val_accuracy,0.375
CNN-3,CNN_Chromagram,128.0,3.0,50.0,0.001,val_accuracy,0.375
CNN-4,CNN_Chromagram,64.0,3.0,100.0,0.0001,val_accuracy,0.375
CNN-4,CNN_Chromagram,64.0,3.0,50.0,0.001,val_accuracy,0.375
CNN-4,CNN_Chromagram,128.0,3.0,100.0,0.001,val_accuracy,0.375
CNN-4,CNN_Chromagram,128.0,5.0,100.0,0.0001,val_accuracy,0.375
CNN-1,CNN_Spectral_Contrast,64.0,3.0,50.0,0.0005,val_accuracy,0.375
CNN-1,CNN_Chromagram,64.0,5.0,50.0,0.001,val_accuracy,0.375
CNN-3,CNN_Chromagram,64.0,10.0,50.0,0.0001,val_accuracy,0.375
CNN-0,CNN_Spectral_Contrast,128.0,3.0,50.0,0.0001,val_accuracy,0.375
CNN-0,CNN_Spectral_Contrast,128.0,5.0,50.0,0.0001,val_accuracy,0.375
CNN-4,CNN_Chromagram,128.0,3.0,100.0,0.0001,val_accuracy,0.3680555555555556
CNN-1,CNN_Chromagram,64.0,5.0,100.0,0.001,val_accuracy,0.3680555555555556
CNN-1,CNN_Spectral_Contrast,64.0,10.0,100.0,0.001,val_accuracy,0.3680555555555556
CNN-1,CNN_Spectral_Contrast,64.0,3.0,100.0,0.001,val_accuracy,0.3680555555555556
CNN-4,CNN_Mel_Spectrogram,128.0,3.0,50.0,0.0001,val_accuracy,0.3680555555555556
CNN-0,CNN_Chromagram,64.0,3.0,50.0,0.0001,val_accuracy,0.3680555555555556
CNN-0,CNN_Chromagram,64.0,5.0,50.0,0.0001,val_accuracy,0.3680555555555556
CNN-4,CNN_Chromagram,128.0,10.0,100.0,0.0001,val_accuracy,0.3680555555555556
CNN-0,CNN_Chromagram,64.0,3.0,100.0,0.0001,val_accuracy,0.3680555555555556
CNN-1,CNN_Chromagram,128.0,5.0,50.0,0.0001,val_accuracy,0.3680555555555556
CNN-3,CNN_Chromagram,128.0,3.0,100.0,0.001,val_accuracy,0.3680555555555556
CNN-3,CNN_Chromagram,64.0,3.0,100.0,0.001,val_accuracy,0.3611111111111111
CNN-3,CNN_Chromagram,128.0,10.0,50.0,0.001,val_accuracy,0.3611111111111111
CNN-2,CNN_CQT_Spectrogram,64.0,10.0,50.0,0.0001,val_accuracy,0.3611111111111111
CNN-3,CNN_Chromagram,64.0,3.0,50.0,0.0005,val_accuracy,0.3611111111111111
CNN-1,CNN_Spectral_Contrast,64.0,10.0,50.0,0.0001,val_accuracy,0.3611111111111111
CNN-2,CNN_MFCC_with_Deltas,64.0,10.0,100.0,0.0005,val_accuracy,0.3611111111111111
CNN-3,CNN_Chromagram,128.0,3.0,100.0,0.0001,val_accuracy,0.3611111111111111
CNN-0,CNN_Chromagram,64.0,3.0,100.0,0.001,val_accuracy,0.3611111111111111
CNN-1,CNN_Chromagram,64.0,3.0,100.0,0.0001,val_accuracy,0.3611111111111111
CNN-4,CNN_Chromagram,64.0,5.0,100.0,0.0001,val_accuracy,0.3541666666666667
CNN-3,CNN_Chromagram,64.0,5.0,50.0,0.0001,val_accuracy,0.3541666666666667
CNN-1,CNN_Chromagram,128.0,3.0,100.0,0.0001,val_accuracy,0.3541666666666667
CNN-2,CNN_MFCC_with_Deltas,128.0,10.0,50.0,0.0005,val_accuracy,0.3541666666666667
CNN-2,CNN_CQT_Spectrogram,64.0,10.0,100.0,0.001,val_accuracy,0.3541666666666667
CNN-0,CNN_Chromagram,128.0,3.0,100.0,0.0001,val_accuracy,0.3541666666666667
CNN-1,CNN_Chromagram,64.0,5.0,50.0,0.0001,val_accuracy,0.3541666666666667
CNN-1,CNN_Chromagram,64.0,3.0,50.0,0.0005,val_accuracy,0.3472222222222222
CNN-1,CNN_Spectral_Contrast,64.0,3.0,50.0,0.0001,val_accuracy,0.3472222222222222
CNN-2,CNN_MFCC_with_Deltas,64.0,10.0,100.0,0.0001,val_accuracy,0.3472222222222222
CNN-1,CNN_Chromagram,128.0,10.0,100.0,0.0005,val_accuracy,0.3472222222222222
CNN-2,CNN_MFCC_with_Deltas,64.0,10.0,50.0,0.001,val_accuracy,0.3472222222222222
CNN-1,CNN_Chromagram,64.0,10.0,100.0,0.0005,val_accuracy,0.3472222222222222
CNN-0,CNN_Chromagram,128.0,5.0,50.0,0.001,val_accuracy,0.3472222222222222
CNN-3,CNN_Chromagram,128.0,5.0,50.0,0.0005,val_accuracy,0.3472222222222222
CNN-1,CNN_Spectral_Contrast,64.0,5.0,50.0,0.0005,val_accuracy,0.3472222222222222
CNN-2,CNN_MFCC_with_Deltas,128.0,10.0,100.0,0.0005,val_accuracy,0.3472222222222222
CNN-1,CNN_Chromagram,128.0,5.0,50.0,0.0005,val_accuracy,0.3402777777777778
CNN-1,CNN_Spectral_Contrast,64.0,10.0,50.0,0.0005,val_accuracy,0.3402777777777778
CNN-1,CNN_Chromagram,128.0,10.0,50.0,0.0001,val_accuracy,0.3402777777777778
CNN-1,CNN_Spectral_Contrast,64.0,3.0,100.0,0.0005,val_accuracy,0.3402777777777778
CNN-1,CNN_Chromagram,64.0,10.0,100.0,0.001,val_accuracy,0.3402777777777778
CNN-2,CNN_MFCC_with_Deltas,128.0,5.0,100.0,0.0005,val_accuracy,0.3333333333333333
CNN-1,CNN_Chromagram,64.0,5.0,100.0,0.0005,val_accuracy,0.3333333333333333
CNN-2,CNN_CQT_Spectrogram,128.0,10.0,50.0,0.0001,val_accuracy,0.3333333333333333
CNN-2,CNN_CQT_Spectrogram,64.0,10.0,50.0,0.001,val_accuracy,0.3333333333333333
CNN-1,CNN_Chromagram,64.0,3.0,100.0,0.0005,val_accuracy,0.3333333333333333
CNN-2,CNN_MFCC_with_Deltas,128.0,10.0,50.0,0.0001,val_accuracy,0.3333333333333333
CNN-2,CNN_CQT_Spectrogram,64.0,5.0,50.0,0.001,val_accuracy,0.3333333333333333
CNN-2,CNN_MFCC_with_Deltas,64.0,3.0,100.0,0.0005,val_accuracy,0.3263888888888889
CNN-1,CNN_Spectral_Contrast,64.0,3.0,50.0,0.001,val_accuracy,0.3263888888888889
CNN-1,CNN_Chromagram,64.0,5.0,100.0,0.0001,val_accuracy,0.3263888888888889
CNN-4,CNN_Chromagram,64.0,3.0,50.0,0.0001,val_accuracy,0.3263888888888889
CNN-2,CNN_Mel_Spectrogram,64.0,10.0,50.0,0.0005,val_accuracy,0.3263888888888889
CNN-2,CNN_Spectral_Contrast,128.0,10.0,50.0,0.001,val_accuracy,0.3263888888888889
CNN-1,CNN_Chromagram,64.0,3.0,50.0,0.001,val_accuracy,0.3263888888888889
CNN-2,CNN_MFCC_with_Deltas,64.0,5.0,50.0,0.001,val_accuracy,0.3263888888888889
CNN-2,CNN_MFCC_with_Deltas,64.0,5.0,100.0,0.0005,val_accuracy,0.3194444444444444
CNN-2,CNN_CQT_Spectrogram,64.0,10.0,100.0,0.0005,val_accuracy,0.3194444444444444
CNN-2,CNN_MFCC_with_Deltas,128.0,5.0,100.0,0.001,val_accuracy,0.3194444444444444
CNN-1,CNN_Chromagram,64.0,5.0,50.0,0.0005,val_accuracy,0.3194444444444444
CNN-2,CNN_Mel_Spectrogram,128.0,5.0,50.0,0.0005,val_accuracy,0.3194444444444444
CNN-1,CNN_Spectral_Contrast,64.0,5.0,50.0,0.001,val_accuracy,0.3194444444444444
CNN-2,CNN_MFCC_with_Deltas,128.0,3.0,100.0,0.001,val_accuracy,0.3125
CNN-2,CNN_MFCC_with_Deltas,128.0,5.0,50.0,0.0005,val_accuracy,0.3125
CNN-1,CNN_Chromagram,64.0,10.0,50.0,0.0005,val_accuracy,0.3125
CNN-2,CNN_Mel_Spectrogram,64.0,10.0,50.0,0.0001,val_accuracy,0.3125
CNN-2,CNN_CQT_Spectrogram,64.0,5.0,50.0,0.0005,val_accuracy,0.3125
CNN-2,CNN_Spectral_Contrast,64.0,10.0,100.0,0.001,val_accuracy,0.3125
CNN-2,CNN_MFCC_with_Deltas,64.0,5.0,50.0,0.0005,val_accuracy,0.3125
CNN-2,CNN_MFCC_with_Deltas,64.0,3.0,50.0,0.001,val_accuracy,0.3125
CNN-2,CNN_Mel_Spectrogram,64.0,5.0,50.0,0.0005,val_accuracy,0.3125
CNN-2,CNN_Mel_Spectrogram,128.0,10.0,100.0,0.0005,val_accuracy,0.3125
CNN-2,CNN_Mel_Spectrogram,128.0,5.0,50.0,0.0001,val_accuracy,0.3125
CNN-2,CNN_Mel_Spectrogram,128.0,3.0,100.0,0.001,val_accuracy,0.3055555555555556
CNN-2,CNN_MFCC_with_Deltas,64.0,3.0,50.0,0.0001,val_accuracy,0.3055555555555556
CNN-2,CNN_CQT_Spectrogram,128.0,3.0,100.0,0.0005,val_accuracy,0.3055555555555556
CNN-2,CNN_Spectral_Contrast,64.0,10.0,100.0,0.0005,val_accuracy,0.3055555555555556
CNN-2,CNN_CQT_Spectrogram,128.0,10.0,100.0,0.0001,val_accuracy,0.3055555555555556
CNN-4,CNN_Chromagram,128.0,3.0,50.0,0.0001,val_accuracy,0.3055555555555556
CNN-1,CNN_Chromagram,64.0,10.0,100.0,0.0001,val_accuracy,0.3055555555555556
CNN-2,CNN_Spectral_Contrast,128.0,5.0,100.0,0.0001,val_accuracy,0.2986111111111111
CNN-2,CNN_MFCC_with_Deltas,64.0,3.0,50.0,0.0005,val_accuracy,0.2986111111111111
CNN-2,CNN_CQT_Spectrogram,64.0,3.0,100.0,0.0005,val_accuracy,0.2986111111111111
CNN-2,CNN_Mel_Spectrogram,64.0,3.0,100.0,0.0005,val_accuracy,0.2986111111111111
CNN-2,CNN_Spectral_Contrast,64.0,5.0,100.0,0.001,val_accuracy,0.2986111111111111
CNN-1,CNN_Chromagram,64.0,10.0,50.0,0.0001,val_accuracy,0.2986111111111111
CNN-2,CNN_MFCC_with_Deltas,64.0,10.0,50.0,0.0005,val_accuracy,0.2986111111111111
CNN-2,CNN_CQT_Spectrogram,64.0,10.0,50.0,0.0005,val_accuracy,0.2986111111111111
CNN-2,CNN_CQT_Spectrogram,128.0,10.0,100.0,0.0005,val_accuracy,0.2986111111111111
CNN-1,CNN_Chromagram,64.0,3.0,100.0,0.001,val_accuracy,0.2986111111111111
CNN-2,CNN_Mel_Spectrogram,64.0,5.0,50.0,0.001,val_accuracy,0.2986111111111111
CNN-2,CNN_Mel_Spectrogram,64.0,10.0,100.0,0.0001,val_accuracy,0.2986111111111111
CNN-2,CNN_CQT_Spectrogram,64.0,5.0,100.0,0.0005,val_accuracy,0.2986111111111111
CNN-2,CNN_Spectral_Contrast,64.0,3.0,100.0,0.0005,val_accuracy,0.2986111111111111
CNN-2,CNN_Mel_Spectrogram,64.0,10.0,100.0,0.0005,val_accuracy,0.2916666666666667
CNN-2,CNN_Mel_Spectrogram,128.0,10.0,50.0,0.001,val_accuracy,0.2916666666666667
CNN-2,CNN_Mel_Spectrogram,64.0,5.0,100.0,0.001,val_accuracy,0.2916666666666667
CNN-2,CNN_MFCC_with_Deltas,64.0,3.0,100.0,0.001,val_accuracy,0.2916666666666667
CNN-2,CNN_CQT_Spectrogram,64.0,5.0,100.0,0.001,val_accuracy,0.2916666666666667
CNN-2,CNN_CQT_Spectrogram,128.0,10.0,100.0,0.001,val_accuracy,0.2916666666666667
CNN-2,CNN_Mel_Spectrogram,128.0,10.0,100.0,0.0001,val_accuracy,0.2847222222222222
CNN-1,CNN_Chromagram,64.0,3.0,50.0,0.0001,val_accuracy,0.2847222222222222
CNN-2,CNN_Chromagram,128.0,10.0,100.0,0.001,val_accuracy,0.2847222222222222
CNN-2,CNN_CQT_Spectrogram,128.0,5.0,50.0,0.0001,val_accuracy,0.2847222222222222
CNN-2,CNN_CQT_Spectrogram,128.0,10.0,50.0,0.0005,val_accuracy,0.2847222222222222
CNN-2,CNN_MFCC_with_Deltas,128.0,5.0,50.0,0.0001,val_accuracy,0.2847222222222222
CNN-2,CNN_Spectral_Contrast,64.0,5.0,50.0,0.001,val_accuracy,0.2847222222222222
CNN-2,CNN_Mel_Spectrogram,64.0,5.0,100.0,0.0001,val_accuracy,0.2847222222222222
CNN-2,CNN_CQT_Spectrogram,128.0,5.0,50.0,0.001,val_accuracy,0.2847222222222222
CNN-2,CNN_Spectral_Contrast,64.0,5.0,50.0,0.0005,val_accuracy,0.2847222222222222
CNN-2,CNN_Mel_Spectrogram,64.0,3.0,100.0,0.0001,val_accuracy,0.2847222222222222
CNN-2,CNN_Chromagram,64.0,10.0,100.0,0.0005,val_accuracy,0.2847222222222222
CNN-2,CNN_Mel_Spectrogram,64.0,3.0,50.0,0.001,val_accuracy,0.2777777777777778
CNN-2,CNN_MFCC_with_Deltas,64.0,10.0,100.0,0.001,val_accuracy,0.2777777777777778
CNN-2,CNN_MFCC_with_Deltas,128.0,3.0,50.0,0.001,val_accuracy,0.2777777777777778
CNN-2,CNN_Mel_Spectrogram,64.0,10.0,100.0,0.001,val_accuracy,0.2777777777777778
CNN-2,CNN_CQT_Spectrogram,128.0,5.0,50.0,0.0005,val_accuracy,0.2777777777777778
CNN-2,CNN_CQT_Spectrogram,64.0,10.0,100.0,0.0001,val_accuracy,0.2708333333333333
CNN-2,CNN_Spectral_Contrast,64.0,3.0,100.0,0.0001,val_accuracy,0.2708333333333333
CNN-2,CNN_MFCC_with_Deltas,64.0,10.0,50.0,0.0001,val_accuracy,0.2708333333333333
CNN-2,CNN_Spectral_Contrast,128.0,10.0,50.0,0.0001,val_accuracy,0.2708333333333333
CNN-2,CNN_MFCC_with_Deltas,128.0,3.0,50.0,0.0001,val_accuracy,0.2708333333333333
CNN-2,CNN_Chromagram,128.0,10.0,100.0,0.0005,val_accuracy,0.2708333333333333
CNN-2,CNN_MFCC_with_Deltas,64.0,5.0,100.0,0.001,val_accuracy,0.2708333333333333
CNN-2,CNN_Mel_Spectrogram,128.0,5.0,50.0,0.001,val_accuracy,0.2708333333333333
CNN-2,CNN_MFCC_with_Deltas,128.0,3.0,100.0,0.0005,val_accuracy,0.2708333333333333
CNN-2,CNN_Spectral_Contrast,64.0,10.0,50.0,0.001,val_accuracy,0.2708333333333333
CNN-2,CNN_Spectral_Contrast,128.0,3.0,100.0,0.0001,val_accuracy,0.2638888888888889
CNN-2,CNN_Spectral_Contrast,64.0,3.0,50.0,0.0005,val_accuracy,0.2638888888888889
CNN-2,CNN_Chromagram,64.0,5.0,50.0,0.0001,val_accuracy,0.2638888888888889
CNN-2,CNN_MFCC_with_Deltas,64.0,5.0,50.0,0.0001,val_accuracy,0.2638888888888889
CNN-2,CNN_Chromagram,64.0,10.0,50.0,0.0005,val_accuracy,0.2638888888888889
CNN-2,CNN_Chromagram,64.0,10.0,50.0,0.001,val_accuracy,0.2638888888888889
CNN-2,CNN_Chromagram,64.0,3.0,100.0,0.0005,val_accuracy,0.2638888888888889
CNN-2,CNN_Mel_Spectrogram,64.0,3.0,50.0,0.0001,val_accuracy,0.2638888888888889
CNN-2,CNN_Mel_Spectrogram,128.0,3.0,50.0,0.001,val_accuracy,0.2638888888888889
CNN-2,CNN_Mel_Spectrogram,128.0,3.0,50.0,0.0005,val_accuracy,0.2638888888888889
CNN-2,CNN_Mel_Spectrogram,128.0,5.0,100.0,0.0005,val_accuracy,0.2638888888888889
CNN-2,CNN_Mel_Spectrogram,64.0,10.0,50.0,0.001,val_accuracy,0.2638888888888889
CNN-2,CNN_Mel_Spectrogram,64.0,5.0,50.0,0.0001,val_accuracy,0.2638888888888889
CNN-2,CNN_Mel_Spectrogram,128.0,5.0,100.0,0.0001,val_accuracy,0.2638888888888889
CNN-2,CNN_Spectral_Contrast,64.0,10.0,100.0,0.0001,val_accuracy,0.2638888888888889
CNN-2,CNN_Chromagram,64.0,5.0,100.0,0.001,val_accuracy,0.2638888888888889
CNN-2,CNN_Mel_Spectrogram,128.0,5.0,100.0,0.001,val_accuracy,0.2569444444444444
CNN-2,CNN_Mel_Spectrogram,128.0,10.0,50.0,0.0005,val_accuracy,0.2569444444444444
CNN-2,CNN_Chromagram,64.0,3.0,50.0,0.001,val_accuracy,0.2569444444444444
CNN-2,CNN_MFCC_with_Deltas,128.0,10.0,100.0,0.001,val_accuracy,0.2569444444444444
CNN-2,CNN_Mel_Spectrogram,64.0,3.0,100.0,0.001,val_accuracy,0.2569444444444444
CNN-2,CNN_Mel_Spectrogram,64.0,3.0,50.0,0.0005,val_accuracy,0.2569444444444444
CNN-2,CNN_MFCC_with_Deltas,128.0,10.0,100.0,0.0001,val_accuracy,0.2569444444444444
CNN-2,CNN_Chromagram,128.0,5.0,50.0,0.001,val_accuracy,0.2569444444444444
CNN-2,CNN_Chromagram,128.0,5.0,50.0,0.0005,val_accuracy,0.2569444444444444
CNN-2,CNN_Chromagram,64.0,10.0,100.0,0.001,val_accuracy,0.25
CNN-2,CNN_Chromagram,128.0,5.0,100.0,0.0005,val_accuracy,0.25
CNN-2,CNN_CQT_Spectrogram,128.0,5.0,100.0,0.0001,val_accuracy,0.25
CNN-2,CNN_Spectral_Contrast,128.0,5.0,100.0,0.0005,val_accuracy,0.25
CNN-2,CNN_Spectral_Contrast,64.0,10.0,50.0,0.0001,val_accuracy,0.25
CNN-2,CNN_Mel_Spectrogram,128.0,3.0,100.0,0.0005,val_accuracy,0.25
CNN-2,CNN_Chromagram,64.0,3.0,100.0,0.0001,val_accuracy,0.2430555555555555
CNN-2,CNN_CQT_Spectrogram,128.0,3.0,100.0,0.0001,val_accuracy,0.2430555555555555
CNN-2,CNN_CQT_Spectrogram,64.0,3.0,50.0,0.0005,val_accuracy,0.2430555555555555
CNN-2,CNN_Chromagram,128.0,3.0,100.0,0.0001,val_accuracy,0.2430555555555555
CNN-2,CNN_CQT_Spectrogram,64.0,3.0,50.0,0.0001,val_accuracy,0.2430555555555555
CNN-2,CNN_MFCC_with_Deltas,128.0,5.0,50.0,0.001,val_accuracy,0.2430555555555555
CNN-2,CNN_MFCC_with_Deltas,128.0,3.0,50.0,0.0005,val_accuracy,0.2430555555555555
CNN-2,CNN_Chromagram,64.0,5.0,100.0,0.0001,val_accuracy,0.2361111111111111
CNN-2,CNN_Chromagram,64.0,10.0,50.0,0.0001,val_accuracy,0.2361111111111111
CNN-2,CNN_CQT_Spectrogram,64.0,5.0,100.0,0.0001,val_accuracy,0.2361111111111111
CNN-2,CNN_Spectral_Contrast,128.0,3.0,100.0,0.0005,val_accuracy,0.2361111111111111
CNN-2,CNN_Chromagram,128.0,10.0,50.0,0.0005,val_accuracy,0.2361111111111111
CNN-2,CNN_CQT_Spectrogram,64.0,3.0,50.0,0.001,val_accuracy,0.2361111111111111
CNN-2,CNN_Mel_Spectrogram,64.0,5.0,100.0,0.0005,val_accuracy,0.2361111111111111
CNN-2,CNN_CQT_Spectrogram,128.0,3.0,100.0,0.001,val_accuracy,0.2361111111111111
CNN-2,CNN_Chromagram,64.0,5.0,50.0,0.001,val_accuracy,0.2291666666666666
CNN-2,CNN_Spectral_Contrast,128.0,10.0,100.0,0.0005,val_accuracy,0.2291666666666666
CNN-2,CNN_Spectral_Contrast,128.0,5.0,50.0,0.0005,val_accuracy,0.2291666666666666
CNN-2,CNN_MFCC_with_Deltas,64.0,5.0,100.0,0.0001,val_accuracy,0.2291666666666666
CNN-2,CNN_Mel_Spectrogram,128.0,3.0,50.0,0.0001,val_accuracy,0.2291666666666666
CNN-2,CNN_Mel_Spectrogram,128.0,10.0,50.0,0.0001,val_accuracy,0.2291666666666666
CNN-2,CNN_CQT_Spectrogram,128.0,3.0,50.0,0.0005,val_accuracy,0.2291666666666666
CNN-2,CNN_Spectral_Contrast,64.0,5.0,100.0,0.0005,val_accuracy,0.2291666666666666
CNN-2,CNN_CQT_Spectrogram,128.0,5.0,100.0,0.001,val_accuracy,0.2291666666666666
CNN-2,CNN_Spectral_Contrast,128.0,5.0,50.0,0.0001,val_accuracy,0.2291666666666666
CNN-2,CNN_Spectral_Contrast,64.0,10.0,50.0,0.0005,val_accuracy,0.2222222222222222
CNN-2,CNN_Mel_Spectrogram,128.0,10.0,100.0,0.001,val_accuracy,0.2222222222222222
CNN-2,CNN_Spectral_Contrast,128.0,5.0,50.0,0.001,val_accuracy,0.2222222222222222
CNN-2,CNN_Chromagram,128.0,3.0,50.0,0.001,val_accuracy,0.2222222222222222
CNN-2,CNN_Chromagram,64.0,3.0,100.0,0.001,val_accuracy,0.2222222222222222
CNN-2,CNN_CQT_Spectrogram,64.0,3.0,100.0,0.001,val_accuracy,0.2222222222222222
CNN-2,CNN_Chromagram,64.0,5.0,100.0,0.0005,val_accuracy,0.2152777777777778
CNN-2,CNN_Chromagram,64.0,3.0,50.0,0.0005,val_accuracy,0.2152777777777778
CNN-2,CNN_Chromagram,64.0,5.0,50.0,0.0005,val_accuracy,0.2152777777777778
CNN-2,CNN_Spectral_Contrast,128.0,10.0,50.0,0.0005,val_accuracy,0.2152777777777778
CNN-2,CNN_Mel_Spectrogram,128.0,3.0,100.0,0.0001,val_accuracy,0.2152777777777778
CNN-2,CNN_Spectral_Contrast,64.0,3.0,100.0,0.001,val_accuracy,0.2152777777777778
CNN-2,CNN_Chromagram,128.0,3.0,100.0,0.001,val_accuracy,0.2152777777777778
CNN-2,CNN_Chromagram,128.0,3.0,50.0,0.0005,val_accuracy,0.2152777777777778
CNN-2,CNN_Spectral_Contrast,128.0,5.0,100.0,0.001,val_accuracy,0.2152777777777778
CNN-2,CNN_Chromagram,64.0,10.0,100.0,0.0001,val_accuracy,0.2152777777777778
CNN-2,CNN_Chromagram,128.0,3.0,100.0,0.0005,val_accuracy,0.2083333333333333
CNN-2,CNN_Spectral_Contrast,128.0,3.0,50.0,0.0005,val_accuracy,0.2083333333333333
CNN-2,CNN_Spectral_Contrast,128.0,10.0,100.0,0.001,val_accuracy,0.2083333333333333
CNN-2,CNN_MFCC_with_Deltas,128.0,3.0,100.0,0.0001,val_accuracy,0.2083333333333333
CNN-2,CNN_Chromagram,128.0,5.0,100.0,0.0001,val_accuracy,0.2083333333333333
CNN-2,CNN_CQT_Spectrogram,128.0,3.0,50.0,0.0001,val_accuracy,0.2083333333333333
CNN-2,CNN_CQT_Spectrogram,128.0,3.0,50.0,0.001,val_accuracy,0.2013888888888889
CNN-2,CNN_Chromagram,128.0,5.0,50.0,0.0001,val_accuracy,0.2013888888888889
CNN-2,CNN_MFCC_with_Deltas,64.0,3.0,100.0,0.0001,val_accuracy,0.2013888888888889
CNN-2,CNN_CQT_Spectrogram,64.0,5.0,50.0,0.0001,val_accuracy,0.2013888888888889
CNN-2,CNN_Chromagram,128.0,3.0,50.0,0.0001,val_accuracy,0.2013888888888889
CNN-2,CNN_Spectral_Contrast,64.0,3.0,50.0,0.001,val_accuracy,0.1944444444444444
CNN-2,CNN_MFCC_with_Deltas,128.0,5.0,100.0,0.0001,val_accuracy,0.1944444444444444
CNN-2,CNN_Spectral_Contrast,64.0,5.0,50.0,0.0001,val_accuracy,0.1944444444444444
CNN-2,CNN_Spectral_Contrast,64.0,5.0,100.0,0.0001,val_accuracy,0.1944444444444444
CNN-2,CNN_Chromagram,64.0,3.0,50.0,0.0001,val_accuracy,0.1875
CNN-2,CNN_CQT_Spectrogram,128.0,5.0,100.0,0.0005,val_accuracy,0.1875
CNN-2,CNN_Chromagram,128.0,10.0,50.0,0.0001,val_accuracy,0.1875
CNN-2,CNN_Chromagram,128.0,10.0,50.0,0.001,val_accuracy,0.1805555555555555
CNN-2,CNN_CQT_Spectrogram,64.0,3.0,100.0,0.0001,val_accuracy,0.1805555555555555
CNN-2,CNN_Chromagram,128.0,10.0,100.0,0.0001,val_accuracy,0.1805555555555555
CNN-2,CNN_Spectral_Contrast,128.0,3.0,100.0,0.001,val_accuracy,0.1805555555555555
CNN-2,CNN_Spectral_Contrast,128.0,3.0,50.0,0.0001,val_accuracy,0.1736111111111111
CNN-2,CNN_Spectral_Contrast,64.0,3.0,50.0,0.0001,val_accuracy,0.1736111111111111
CNN-2,CNN_Spectral_Contrast,128.0,10.0,100.0,0.0001,val_accuracy,0.1666666666666666
CNN-2,CNN_Spectral_Contrast,128.0,3.0,50.0,0.001,val_accuracy,0.1527777777777778
CNN-2,CNN_Chromagram,128.0,5.0,100.0,0.001,val_accuracy,0.1388888888888889
33333333333,,,,,,,
16666666666666,,,,,,,
13888888888889,,,,,,,
